iter,train_timestamp,train_epoch,lr_g,lr_route,l_pix,l_route,time_sec,data_time_sec,set5_timestamp,set5_psnr,set5_ssim,set5_best_psnr,set5_best_psnr_iter,set5_best_ssim,set5_best_ssim_iter,set14_timestamp,set14_psnr,set14_ssim,set14_best_psnr,set14_best_psnr_iter,set14_best_ssim,set14_best_ssim_iter,set5_route_usage_active_mean,set5_route_usage_max_mean,set5_route_usage_std_mean,set5_route_entropy_norm_mean,set5_route_router_scale_mean,set5_route_xscore_mean_mean,set5_route_xscore_std_mean,set5_route_blocks,set14_route_usage_active_mean,set14_route_usage_max_mean,set14_route_usage_std_mean,set14_route_entropy_norm_mean,set14_route_router_scale_mean,set14_route_xscore_mean_mean,set14_route_xscore_std_mean,set14_route_blocks,train_source_log,set5_source_log,set14_source_log
2500,"2026-05-17 23:03:45,557",1,0.0002,2e-05,0.014381,5.2154e-11,0.51,0.001,"2026-05-17 23:04:45,925",36.9586,0.9563,36.9586,2500,0.9563,2500,"2026-05-17 23:05:16,423",32.5673,0.9084,32.5673,2500,0.9084,2500,33.15,0.385825,0.07375,0.5033875,5.999425,0.029349999999999998,1.25e-05,8,38.375,0.38584999999999997,0.07409999999999999,0.5152375,5.999425,0.029349999999999998,1.25e-05,8,train_train_CATANet_x2_scratch_20260517_224304.log,train_train_CATANet_x2_scratch_20260517_224304.log,train_train_CATANet_x2_scratch_20260517_224304.log
5000,"2026-05-18 12:32:01,545",2,0.0002,2e-05,0.013221,1.7881e-10,0.526,0.002,"2026-05-18 12:32:09,746",37.3092,0.958,37.3092,5000,0.9580,5000,"2026-05-18 12:32:34,557",32.9135,0.9119,32.9135,5000,0.9119,5000,38.675,0.3396375,0.0703875,0.5482750000000001,5.999199999999999,0.0294375,7.500000000000001e-05,8,42.946425000000005,0.3276625,0.06817500000000001,0.5669124999999999,5.999199999999999,0.029487499999999996,0.0001,8,train_train_CATANet_x2_scratch_20260518_120949.log,train_train_CATANet_x2_scratch_20260518_120949.log,train_train_CATANet_x2_scratch_20260518_120949.log
7500,"2026-05-18 12:53:44,824",4,0.0002,2e-05,0.016936,5.6714e-08,0.525,0.001,"2026-05-18 12:54:42,153",37.4736,0.9586,37.4736,7500,0.9586,7500,"2026-05-18 12:55:00,495",33.0509,0.9131,33.0509,7500,0.9131,7500,40.925,0.317425,0.067825,0.5609875000000001,6.000575,0.030062499999999995,0.0012375,8,45.071425,0.33840000000000003,0.06892499999999999,0.568575,6.000575,0.030512499999999998,0.00225,8,train_train_CATANet_x2_scratch_20260518_120949.log,train_train_CATANet_x2_scratch_20260518_120949.log,train_train_CATANet_x2_scratch_20260518_120949.log
10000,"2026-05-18 13:17:02,617",6,0.0002,2e-05,0.012926,3.4168e-08,0.527,0.003,"2026-05-18 13:17:06,900",37.5335,0.9591,37.5335,10000,0.9591,10000,"2026-05-18 13:17:25,088",33.108,0.9143,33.1080,10000,0.9143,10000,42.974999999999994,0.3104125,0.06655000000000001,0.574975,6.0014125,0.0309125,0.0028875000000000003,8,46.41965,0.33161250000000003,0.069075,0.570575,6.0014125,0.031349999999999996,0.0038374999999999998,8,train_train_CATANet_x2_scratch_20260518_120949.log,train_train_CATANet_x2_scratch_20260518_120949.log,train_train_CATANet_x2_scratch_20260518_120949.log
12500,"2026-05-18 13:38:34,261",8,0.0002,2e-05,0.014559,3.5182e-08,0.524,0.001,"2026-05-18 13:39:31,214",37.6613,0.9594,37.6613,12500,0.9594,12500,"2026-05-18 13:39:49,692",33.2028,0.9149,33.2028,12500,0.9149,12500,43.8,0.33385000000000004,0.07,0.5589625,6.0022125,0.031474999999999996,0.0038875,8,46.70535,0.3206125,0.06795,0.5745875,6.0022125,0.031412499999999996,0.0038374999999999998,8,train_train_CATANet_x2_scratch_20260518_120949.log,train_train_CATANet_x2_scratch_20260518_120949.log,train_train_CATANet_x2_scratch_20260518_120949.log
15000,"2026-05-18 14:01:51,369",10,0.0002,2e-05,0.014028,3.4884e-08,0.526,0.004,"2026-05-18 14:01:55,981",37.7259,0.9596,37.7259,15000,0.9596,15000,"2026-05-18 14:02:15,166",33.2368,0.9155,33.2368,15000,0.9155,15000,45.075,0.324625,0.07,0.55815,6.0032625,0.0314,0.004325000000000001,8,47.7053625,0.32807499999999995,0.07032499999999998,0.5567000000000001,6.0032625,0.031287499999999996,0.00405,8,train_train_CATANet_x2_scratch_20260518_120949.log,train_train_CATANet_x2_scratch_20260518_120949.log,train_train_CATANet_x2_scratch_20260518_120949.log
17500,"2026-05-18 14:23:23,732",12,0.0002,2e-05,0.014574,8.4378e-08,0.525,0.001,"2026-05-18 14:24:20,967",37.7516,0.96,37.7516,17500,0.9600,17500,"2026-05-18 14:24:40,550",33.2627,0.9162,33.2627,17500,0.9162,17500,44.675,0.351,0.0725375,0.5385500000000001,6.004625000000001,0.031249999999999997,0.0042,8,47.160712499999995,0.33696250000000005,0.0711375,0.5504,6.004625000000001,0.031349999999999996,0.0041125,8,train_train_CATANet_x2_scratch_20260518_120949.log,train_train_CATANet_x2_scratch_20260518_120949.log,train_train_CATANet_x2_scratch_20260518_120949.log
20000,"2026-05-18 14:46:41,773",14,0.0002,2e-05,0.014969,5.9024e-08,0.532,0.011,"2026-05-18 14:46:46,191",37.7815,0.9597,37.7815,20000,0.9600,17500,"2026-05-18 14:47:05,605",33.3256,0.9159,33.3256,20000,0.9162,17500,43.4,0.34116250000000004,0.07062500000000001,0.5455625,6.00545,0.031787499999999996,0.00435,8,46.535725,0.341,0.071175,0.5469875,6.00545,0.0317625,0.0042875000000000005,8,train_train_CATANet_x2_scratch_20260518_120949.log,train_train_CATANet_x2_scratch_20260518_120949.log,train_train_CATANet_x2_scratch_20260518_120949.log
22500,"2026-05-18 15:08:14,571",16,0.0002,2e-05,0.013118,3.6836e-08,0.525,0.0,"2026-05-18 15:09:11,950",37.8319,0.9601,37.8319,22500,0.9601,22500,"2026-05-18 15:09:30,775",33.3603,0.9166,33.3603,22500,0.9166,22500,43.25,0.3284625,0.06808750000000001,0.559725,6.0065125,0.0317625,0.005125,8,46.0178625,0.338125,0.070475,0.546175,6.0065125,0.0318875,0.005200000000000001,8,train_train_CATANet_x2_scratch_20260518_120949.log,train_train_CATANet_x2_scratch_20260518_120949.log,train_train_CATANet_x2_scratch_20260518_120949.log
25000,"2026-05-18 15:31:33,587",18,0.0002,2e-05,0.015455,6.0789e-08,0.527,0.001,"2026-05-18 15:31:37,975",37.7806,0.9598,37.8319,22500,0.9601,22500,"2026-05-18 15:31:57,032",33.3332,0.916,33.3603,22500,0.9166,22500,43.425,0.3116875,0.0664625,0.565825,6.0072125000000005,0.03165,0.00455,8,46.0000125,0.332675,0.0697125,0.5538375000000001,6.0072125000000005,0.031900000000000005,0.004725,8,train_train_CATANet_x2_scratch_20260518_120949.log,train_train_CATANet_x2_scratch_20260518_120949.log,train_train_CATANet_x2_scratch_20260518_120949.log
27500,"2026-05-18 15:53:05,719",20,0.0002,2e-05,0.013609,2.8811e-08,0.525,0.001,"2026-05-18 15:54:02,913",37.8856,0.9601,37.8856,27500,0.9601,27500,"2026-05-18 15:54:23,040",33.4306,0.9168,33.4306,27500,0.9168,27500,42.475,0.33818750000000003,0.0689375,0.554525,6.007674999999999,0.031849999999999996,0.004475,8,44.9285625,0.34367500000000006,0.0704625,0.5454125000000001,6.007674999999999,0.0323125,0.005187499999999999,8,train_train_CATANet_x2_scratch_20260518_120949.log,train_train_CATANet_x2_scratch_20260518_120949.log,train_train_CATANet_x2_scratch_20260518_120949.log
30000,"2026-05-18 16:16:24,883",22,0.0002,2e-05,0.012415,4.7423e-08,0.526,0.002,"2026-05-18 16:16:29,473",37.8814,0.9602,37.8856,27500,0.9602,30000,"2026-05-18 16:16:48,848",33.4603,0.9171,33.4603,30000,0.9171,30000,41.925,0.3267875,0.06917499999999999,0.5470625,6.008349999999999,0.03138749999999999,0.0033,8,44.544650000000004,0.32708750000000003,0.06905,0.5516125,6.008349999999999,0.0317,0.0038499999999999997,8,train_train_CATANet_x2_scratch_20260518_120949.log,train_train_CATANet_x2_scratch_20260518_120949.log,train_train_CATANet_x2_scratch_20260518_120949.log
32500,"2026-05-18 16:37:57,145",24,0.0002,2e-05,0.010779,6.4909e-08,0.526,0.001,"2026-05-18 16:38:54,412",37.9284,0.9605,37.9284,32500,0.9605,32500,"2026-05-18 16:39:14,246",33.4904,0.9176,33.4904,32500,0.9176,32500,42.2,0.34262500000000007,0.0698375,0.5398750000000001,6.0091125,0.0321875,0.004475,8,45.7857125,0.35128750000000003,0.0706875,0.5417624999999999,6.0091125,0.032725000000000004,0.005275,8,train_train_CATANet_x2_scratch_20260518_120949.log,train_train_CATANet_x2_scratch_20260518_120949.log,train_train_CATANet_x2_scratch_20260518_120949.log
35000,"2026-05-18 17:01:15,593",26,0.0002,2e-05,0.011752,3.9496e-08,0.526,0.002,"2026-05-18 17:01:20,171",37.9657,0.9604,37.9657,35000,0.9605,32500,"2026-05-18 17:01:39,085",33.5221,0.9177,33.5221,35000,0.9177,35000,40.05,0.343,0.0699125,0.532575,6.009525,0.0315,0.0030250000000000003,8,43.8035875,0.3408375,0.0705375,0.5368125,6.009525,0.032162500000000004,0.0037125,8,train_train_CATANet_x2_scratch_20260518_120949.log,train_train_CATANet_x2_scratch_20260518_120949.log,train_train_CATANet_x2_scratch_20260518_120949.log
37500,"2026-05-18 17:22:48,947",28,0.0002,2e-05,0.011961,8.3342e-08,0.527,0.001,"2026-05-18 17:23:46,088",37.9685,0.9605,37.9685,37500,0.9605,37500,"2026-05-18 17:24:05,001",33.5135,0.9175,33.5221,35000,0.9177,35000,41.0,0.32956250000000004,0.06855,0.54265,6.0099625,0.032025,0.0038,8,43.330375000000004,0.35088749999999996,0.07060000000000001,0.539475,6.0099625,0.032662500000000004,0.0043375,8,train_train_CATANet_x2_scratch_20260518_120949.log,train_train_CATANet_x2_scratch_20260518_120949.log,train_train_CATANet_x2_scratch_20260518_120949.log
40000,"2026-05-18 17:46:07,034",30,0.0002,2e-05,0.011524,6.6981e-08,0.526,0.002,"2026-05-18 17:46:11,634",37.9719,0.9605,37.9719,40000,0.9605,40000,"2026-05-18 17:46:30,914",33.5469,0.9175,33.5469,40000,0.9177,35000,38.75,0.3589625,0.071675,0.5125124999999999,6.0106375,0.031787499999999996,0.0032250000000000004,8,42.491062500000005,0.359275,0.0721375,0.52145,6.0106375,0.032475,0.0040375,8,train_train_CATANet_x2_scratch_20260518_120949.log,train_train_CATANet_x2_scratch_20260518_120949.log,train_train_CATANet_x2_scratch_20260518_120949.log
42500,"2026-05-18 18:07:40,535",32,0.0002,2e-05,0.015099,1.8051e-07,0.525,0.001,"2026-05-18 18:08:38,001",37.9542,0.9605,37.9719,40000,0.9605,42500,"2026-05-18 18:08:57,298",33.533,0.9177,33.5469,40000,0.9177,42500,39.15,0.345275,0.06918750000000001,0.523525,6.011474999999999,0.031724999999999996,0.003525,8,42.16965,0.3536875,0.072025,0.523975,6.011474999999999,0.0320875,0.0036125000000000003,8,train_train_CATANet_x2_scratch_20260518_120949.log,train_train_CATANet_x2_scratch_20260518_120949.log,train_train_CATANet_x2_scratch_20260518_120949.log
45000,"2026-05-18 18:30:59,030",34,0.0002,2e-05,0.013022,8.2441e-08,0.527,0.002,"2026-05-18 18:31:03,679",38.0075,0.9606,38.0075,45000,0.9606,45000,"2026-05-18 18:31:22,718",33.5746,0.918,33.5746,45000,0.9180,45000,35.099999999999994,0.38450000000000006,0.0736375,0.498025,6.0126375,0.03215,0.0037125,8,38.758925000000005,0.400575,0.077825,0.4825,6.0126375,0.0326625,0.00435,8,train_train_CATANet_x2_scratch_20260518_120949.log,train_train_CATANet_x2_scratch_20260518_120949.log,train_train_CATANet_x2_scratch_20260518_120949.log
47500,"2026-05-18 18:52:32,343",36,0.0002,2e-05,0.01205,6.5714e-08,0.524,0.001,"2026-05-18 18:53:29,809",38.0225,0.9607,38.0225,47500,0.9607,47500,"2026-05-18 18:53:49,399",33.5545,0.9181,33.5746,45000,0.9181,47500,36.150000000000006,0.4119,0.0803,0.45182500000000003,6.0134125,0.033324999999999994,0.0045,8,37.7857,0.401625,0.07930000000000001,0.46775,6.0134125,0.033624999999999995,0.005125000000000001,8,train_train_CATANet_x2_scratch_20260518_120949.log,train_train_CATANet_x2_scratch_20260518_120949.log,train_train_CATANet_x2_scratch_20260518_120949.log
50000,"2026-05-18 19:15:51,537",38,0.0002,2e-05,0.014016,1.6885e-07,0.526,0.003,"2026-05-18 19:15:56,463",38.0297,0.9607,38.0297,50000,0.9607,50000,"2026-05-18 19:16:17,515",33.5698,0.9182,33.5746,45000,0.9182,50000,34.724999999999994,0.35187499999999994,0.068125,0.5308875,6.0112375,0.033762499999999994,0.0046625,8,38.0178625,0.3859875,0.073675,0.516475,6.0112375,0.034749999999999996,0.0057625,8,train_train_CATANet_x2_scratch_20260518_120949.log,train_train_CATANet_x2_scratch_20260518_120949.log,train_train_CATANet_x2_scratch_20260518_120949.log
52500,"2026-05-19 11:11:02,515",39,0.0002,2e-05,0.014158,1.851e-07,0.507,0.0,"2026-05-19 11:11:59,517",38.0173,0.9607,38.0297,50000,0.9607,52500,"2026-05-19 11:12:20,741",33.5394,0.9172,33.5746,45000,0.9182,50000,37.75,0.37489999999999996,0.0716625,0.5128625,6.0064625,0.03346249999999999,0.0037625000000000002,8,40.26785,0.36566249999999995,0.07296249999999999,0.5127875,6.0064625,0.034012499999999994,0.004200000000000001,8,train_train_CATANet_x2_scratch_20260519_105034.log,train_train_CATANet_x2_scratch_20260519_105034.log,train_train_CATANet_x2_scratch_20260519_105034.log
55000,"2026-05-19 11:33:32,006",41,0.0002,2e-05,0.014423,2.4018e-07,0.508,0.001,"2026-05-19 11:33:35,346",38.0393,0.9607,38.0393,55000,0.9607,55000,"2026-05-19 11:33:51,610",33.6263,0.9184,33.6263,55000,0.9184,55000,36.224999999999994,0.350975,0.0688125,0.5237625,6.0024125,0.033612500000000003,0.0043,8,37.4017875,0.38968749999999996,0.0753,0.49336250000000004,6.0024125,0.0346375,0.005325,8,train_train_CATANet_x2_scratch_20260519_105034.log,train_train_CATANet_x2_scratch_20260519_105034.log,train_train_CATANet_x2_scratch_20260519_105034.log
57500,"2026-05-19 11:54:12,465",43,0.0002,2e-05,0.010425,1.8598e-07,0.507,0.0,"2026-05-19 11:55:06,721",38.0311,0.9606,38.0393,55000,0.9607,55000,"2026-05-19 11:55:23,018",33.6262,0.918,33.6263,55000,0.9184,55000,34.75,0.34161250000000004,0.06972500000000001,0.5097125,6.000112499999999,0.034449999999999995,0.0046625,8,36.7410625,0.36858750000000007,0.0729125,0.49524999999999997,6.000112499999999,0.0352875,0.0057375,8,train_train_CATANet_x2_scratch_20260519_105034.log,train_train_CATANet_x2_scratch_20260519_105034.log,train_train_CATANet_x2_scratch_20260519_105034.log
60000,"2026-05-19 12:16:33,579",45,0.0002,2e-05,0.012805,1.4883e-07,0.506,0.001,"2026-05-19 12:16:36,956",38.0768,0.9609,38.0768,60000,0.9609,60000,"2026-05-19 12:16:53,384",33.6521,0.9186,33.6521,60000,0.9186,60000,37.45,0.3294125,0.0663625,0.539775,5.9984625000000005,0.0342875,0.0046375,8,40.3214375,0.34738750000000007,0.06951249999999999,0.5216625,5.9984625000000005,0.034824999999999995,0.005225,8,train_train_CATANet_x2_scratch_20260519_105034.log,train_train_CATANet_x2_scratch_20260519_105034.log,train_train_CATANet_x2_scratch_20260519_105034.log
62500,"2026-05-19 12:37:12,394",47,0.0002,2e-05,0.011386,1.8723e-07,0.506,0.0,"2026-05-19 12:38:06,478",38.076,0.9608,38.0768,60000,0.9609,60000,"2026-05-19 12:38:22,902",33.6277,0.9185,33.6521,60000,0.9186,60000,34.5,0.338325,0.06825,0.5156125,5.9969875,0.034574999999999995,0.0044375000000000005,8,37.357150000000004,0.3519625,0.07021250000000001,0.51125,5.9969875,0.03503749999999999,0.0050125000000000005,8,train_train_CATANet_x2_scratch_20260519_105034.log,train_train_CATANet_x2_scratch_20260519_105034.log,train_train_CATANet_x2_scratch_20260519_105034.log
65000,"2026-05-19 12:59:33,260",49,0.0002,2e-05,0.010956,2.4767e-07,0.506,0.001,"2026-05-19 12:59:36,627",38.0875,0.9608,38.0875,65000,0.9609,60000,"2026-05-19 12:59:52,684",33.6709,0.9187,33.6709,65000,0.9187,65000,36.349999999999994,0.3744625,0.073175,0.49948750000000003,5.9955625,0.0351625,0.0050750000000000005,8,39.562475,0.3615875,0.07077499999999999,0.5088125,5.9955625,0.035449999999999995,0.005750000000000001,8,train_train_CATANet_x2_scratch_20260519_105034.log,train_train_CATANet_x2_scratch_20260519_105034.log,train_train_CATANet_x2_scratch_20260519_105034.log
67500,"2026-05-19 13:20:12,309",51,0.0002,2e-05,0.013506,1.8869e-07,0.507,0.0,"2026-05-19 13:21:06,331",38.0958,0.9609,38.0958,67500,0.9609,67500,"2026-05-19 13:21:22,582",33.6884,0.919,33.6884,67500,0.9190,67500,35.300000000000004,0.36079999999999995,0.07048750000000001,0.505225,5.994749999999999,0.034949999999999995,0.0048000000000000004,8,38.553575,0.36177499999999996,0.0696125,0.5190375,5.994749999999999,0.035062499999999996,0.005125,8,train_train_CATANet_x2_scratch_20260519_105034.log,train_train_CATANet_x2_scratch_20260519_105034.log,train_train_CATANet_x2_scratch_20260519_105034.log
70000,"2026-05-19 13:42:32,712",53,0.0002,2e-05,0.013414,2.637e-07,0.507,0.001,"2026-05-19 13:42:36,047",38.1138,0.961,38.1138,70000,0.9610,70000,"2026-05-19 13:42:51,933",33.7592,0.9194,33.7592,70000,0.9194,70000,36.075,0.365925,0.07075000000000001,0.5114000000000001,5.9940999999999995,0.035074999999999995,0.0048625000000000005,8,39.5982375,0.3781375,0.071725,0.5075500000000001,5.9940999999999995,0.03547499999999999,0.00555,8,train_train_CATANet_x2_scratch_20260519_105034.log,train_train_CATANet_x2_scratch_20260519_105034.log,train_train_CATANet_x2_scratch_20260519_105034.log
72500,"2026-05-19 14:03:11,649",55,0.0002,2e-05,0.014431,5.1994e-07,0.506,0.0,"2026-05-19 14:04:05,684",38.0847,0.9608,38.1138,70000,0.9610,70000,"2026-05-19 14:04:21,642",33.6804,0.9187,33.7592,70000,0.9194,70000,34.625,0.36724999999999997,0.068175,0.5089375,5.9927375000000005,0.03588749999999999,0.0059125,8,38.8482125,0.36339999999999995,0.06930000000000001,0.5114375,5.9927375000000005,0.0360625,0.0063,8,train_train_CATANet_x2_scratch_20260519_105034.log,train_train_CATANet_x2_scratch_20260519_105034.log,train_train_CATANet_x2_scratch_20260519_105034.log
75000,"2026-05-19 14:25:32,091",57,0.0002,2e-05,0.013715,2.2007e-07,0.51,0.002,"2026-05-19 14:25:35,471",38.0862,0.9609,38.1138,70000,0.9610,70000,"2026-05-19 14:25:51,879",33.7222,0.9191,33.7592,70000,0.9194,70000,34.3,0.39156250000000004,0.071,0.5030874999999999,5.9938,0.03611249999999999,0.0057374999999999995,8,37.375,0.38029999999999997,0.071875,0.4984375,5.9938,0.036625,0.0067,8,train_train_CATANet_x2_scratch_20260519_105034.log,train_train_CATANet_x2_scratch_20260519_105034.log,train_train_CATANet_x2_scratch_20260519_105034.log
77500,"2026-05-19 14:46:11,872",59,0.0002,2e-05,0.012486,2.7319e-07,0.506,0.0,"2026-05-19 14:47:05,906",38.0803,0.9611,38.1138,70000,0.9611,77500,"2026-05-19 14:47:22,237",33.6688,0.9191,33.7592,70000,0.9194,70000,33.65,0.38373750000000006,0.07067499999999999,0.49917500000000004,5.9924124999999995,0.03623749999999999,0.005912499999999999,8,36.723225,0.394825,0.0737125,0.4836625,5.9924124999999995,0.036225,0.0063124999999999995,8,train_train_CATANet_x2_scratch_20260519_105034.log,train_train_CATANet_x2_scratch_20260519_105034.log,train_train_CATANet_x2_scratch_20260519_105034.log
80000,"2026-05-19 15:08:34,525",61,0.0002,2e-05,0.01412,2.1987e-07,0.508,0.003,"2026-05-19 15:08:37,895",38.0987,0.9612,38.1138,70000,0.9612,80000,"2026-05-19 15:08:54,160",33.6933,0.9193,33.7592,70000,0.9194,70000,34.62500000000001,0.39056250000000003,0.07051249999999999,0.49545000000000006,5.99255,0.0366625,0.00595,8,36.937512500000004,0.3964625,0.0721875,0.488225,5.99255,0.03658750000000001,0.006412500000000001,8,train_train_CATANet_x2_scratch_20260519_105034.log,train_train_CATANet_x2_scratch_20260519_105034.log,train_train_CATANet_x2_scratch_20260519_105034.log
82500,"2026-05-19 15:29:14,908",63,0.0002,2e-05,0.012197,2.5343e-07,0.506,0.0,"2026-05-19 15:30:09,072",38.0933,0.9611,38.1138,70000,0.9612,80000,"2026-05-19 15:30:25,335",33.7186,0.9191,33.7592,70000,0.9194,70000,34.325,0.37973750000000006,0.06897500000000001,0.5055625,5.9934,0.037075000000000004,0.006575,8,37.1160625,0.3906375,0.071075,0.4967625,5.9934,0.036675000000000006,0.006787500000000001,8,train_train_CATANet_x2_scratch_20260519_105034.log,train_train_CATANet_x2_scratch_20260519_105034.log,train_train_CATANet_x2_scratch_20260519_105034.log
85000,"2026-05-19 15:51:37,900",65,0.0002,2e-05,0.011156,2.6312e-07,0.51,0.005,"2026-05-19 15:51:41,299",38.119,0.961,38.1190,85000,0.9612,80000,"2026-05-19 15:51:57,629",33.7375,0.9191,33.7592,70000,0.9194,70000,32.925,0.36606250000000007,0.06822500000000001,0.503525,5.993125000000001,0.03691250000000001,0.006450000000000001,8,35.946425,0.38273749999999995,0.07087500000000001,0.49476250000000005,5.993125000000001,0.0368375,0.0071375,8,train_train_CATANet_x2_scratch_20260519_105034.log,train_train_CATANet_x2_scratch_20260519_105034.log,train_train_CATANet_x2_scratch_20260519_105034.log
87500,"2026-05-19 16:12:18,567",67,0.0002,2e-05,0.012665,3.1209e-07,0.508,0.0,"2026-05-19 16:13:12,944",38.0967,0.961,38.1190,85000,0.9612,80000,"2026-05-19 16:13:29,527",33.6906,0.9188,33.7592,70000,0.9194,70000,32.225,0.406975,0.0728375,0.473775,5.993625,0.0377125,0.0067125000000000015,8,35.58036249999999,0.4158875,0.07516250000000001,0.4639625,5.993625,0.037812500000000006,0.0074,8,train_train_CATANet_x2_scratch_20260519_105034.log,train_train_CATANet_x2_scratch_20260519_105034.log,train_train_CATANet_x2_scratch_20260519_105034.log
90000,"2026-05-19 16:34:41,112",69,0.0002,2e-05,0.013512,2.5321e-07,0.618,0.12,"2026-05-19 16:34:44,737",38.1362,0.9611,38.1362,90000,0.9612,80000,"2026-05-19 16:35:01,365",33.8214,0.92,33.8214,90000,0.9200,90000,31.824999999999996,0.37292499999999995,0.06858750000000001,0.5124125,5.9926,0.03725,0.006312500000000002,8,34.3482,0.39535,0.071625,0.49497499999999994,5.9926,0.037075,0.0070625,8,train_train_CATANet_x2_scratch_20260519_105034.log,train_train_CATANet_x2_scratch_20260519_105034.log,train_train_CATANet_x2_scratch_20260519_105034.log
92500,"2026-05-20 14:32:10,797",70,0.0002,2e-05,0.011366,3.3637e-07,0.526,0.001,"2026-05-20 14:33:11,746",38.1472,0.9611,38.1472,92500,0.9612,80000,"2026-05-20 14:33:37,274",33.7737,0.9193,33.8214,90000,0.9200,90000,33.550000000000004,0.3620125,0.0680625,0.5066125,5.991287499999999,0.037775,0.006625000000000001,8,35.1785625,0.39253750000000004,0.070525,0.49637499999999996,5.991287499999999,0.037625,0.0075125,8,train_train_CATANet_x2_scratch_20260520_141054.log,train_train_CATANet_x2_scratch_20260520_141054.log,train_train_CATANet_x2_scratch_20260520_141054.log
95000,"2026-05-20 14:55:37,409",72,0.0002,2e-05,0.013387,2.8728e-07,0.527,0.001,"2026-05-20 14:55:41,629",38.1276,0.9611,38.1472,92500,0.9612,80000,"2026-05-20 14:56:00,208",33.7564,0.9192,33.8214,90000,0.9200,90000,31.975000000000005,0.387675,0.068425,0.502425,5.99055,0.0375375,0.0065,8,35.0982125,0.4353125,0.0737875,0.4771875,5.99055,0.0376,0.0073875,8,train_train_CATANet_x2_scratch_20260520_141054.log,train_train_CATANet_x2_scratch_20260520_141054.log,train_train_CATANet_x2_scratch_20260520_141054.log
97500,"2026-05-20 15:17:07,298",74,0.0002,2e-05,0.010826,4.1628e-07,0.525,0.001,"2026-05-20 15:18:04,226",38.1341,0.961,38.1472,92500,0.9612,80000,"2026-05-20 15:18:23,629",33.7092,0.9186,33.8214,90000,0.9200,90000,32.00000000000001,0.37629999999999997,0.0682125,0.5072500000000001,5.989037499999999,0.038900000000000004,0.007775000000000001,8,35.008925000000005,0.4133375,0.0725,0.486225,5.989037499999999,0.0389625,0.008350000000000002,8,train_train_CATANet_x2_scratch_20260520_141054.log,train_train_CATANet_x2_scratch_20260520_141054.log,train_train_CATANet_x2_scratch_20260520_141054.log
100000,"2026-05-20 15:40:23,306",76,0.0002,2e-05,0.010597,3.1478e-07,0.526,0.001,"2026-05-20 15:40:27,456",38.0455,0.9607,38.1472,92500,0.9612,80000,"2026-05-20 15:40:45,783",33.7393,0.9188,33.8214,90000,0.9200,90000,30.275,0.35281250000000003,0.068,0.5075875000000001,5.9872749999999995,0.038775000000000004,0.007237500000000001,8,34.4553625,0.3879875,0.0711375,0.49815,5.9872749999999995,0.038950000000000005,0.008350000000000002,8,train_train_CATANet_x2_scratch_20260520_141054.log,train_train_CATANet_x2_scratch_20260520_141054.log,train_train_CATANet_x2_scratch_20260520_141054.log
102500,"2026-05-20 16:01:52,610",78,0.0002,2e-05,0.013915,3.8017e-07,0.525,0.001,"2026-05-20 16:02:49,664",38.1443,0.9613,38.1472,92500,0.9613,102500,"2026-05-20 16:03:08,434",33.7922,0.92,33.8214,90000,0.9200,102500,32.225,0.350925,0.0651125,0.5272249999999999,5.985175,0.038525000000000004,0.0071875,8,35.6339375,0.373525,0.0675375,0.519425,5.985175,0.03869999999999999,0.008199999999999999,8,train_train_CATANet_x2_scratch_20260520_141054.log,train_train_CATANet_x2_scratch_20260520_141054.log,train_train_CATANet_x2_scratch_20260520_141054.log
105000,"2026-05-20 16:25:10,056",80,0.0002,2e-05,0.011724,5.1481e-07,0.526,0.002,"2026-05-20 16:25:14,313",38.1309,0.9611,38.1472,92500,0.9613,102500,"2026-05-20 16:25:32,718",33.6794,0.919,33.8214,90000,0.9200,102500,30.574999999999996,0.3985250000000001,0.0687625,0.5017125,5.98355,0.0380625,0.006762500000000001,8,33.45535,0.4132625,0.070575,0.49626250000000005,5.98355,0.0382125,0.0076124999999999995,8,train_train_CATANet_x2_scratch_20260520_141054.log,train_train_CATANet_x2_scratch_20260520_141054.log,train_train_CATANet_x2_scratch_20260520_141054.log
107500,"2026-05-20 16:46:41,311",82,0.0002,2e-05,0.011168,3.2053e-07,0.525,0.001,"2026-05-20 16:47:38,840",38.154,0.9612,38.1540,107500,0.9613,102500,"2026-05-20 16:47:57,422",33.7425,0.9193,33.8214,90000,0.9200,102500,32.725,0.386375,0.06916249999999999,0.5038625,5.982100000000001,0.0389625,0.007512500000000001,8,35.553575,0.393825,0.0691625,0.50995,5.982100000000001,0.039037499999999996,0.008725,8,train_train_CATANet_x2_scratch_20260520_141054.log,train_train_CATANet_x2_scratch_20260520_141054.log,train_train_CATANet_x2_scratch_20260520_141054.log
110000,"2026-05-20 17:09:58,227",84,0.0002,2e-05,0.012277,4.969e-07,0.528,0.002,"2026-05-20 17:10:02,702",38.1303,0.9609,38.1540,107500,0.9613,102500,"2026-05-20 17:10:21,839",33.7654,0.919,33.8214,90000,0.9200,102500,32.025,0.41247500000000004,0.07142500000000002,0.4992125,5.9802124999999995,0.03857499999999999,0.0072875,8,35.20536250000001,0.4300875,0.07248750000000001,0.5016124999999999,5.9802124999999995,0.0387,0.008175,8,train_train_CATANet_x2_scratch_20260520_141054.log,train_train_CATANet_x2_scratch_20260520_141054.log,train_train_CATANet_x2_scratch_20260520_141054.log
112500,"2026-05-20 17:31:30,796",86,0.0002,2e-05,0.010826,2.9197e-07,0.529,0.001,"2026-05-20 17:32:27,461",38.065,0.9609,38.1540,107500,0.9613,102500,"2026-05-20 17:32:46,018",33.725,0.9188,33.8214,90000,0.9200,102500,31.200000000000003,0.431925,0.072575,0.48613749999999994,5.978575,0.038575,0.0073625,8,33.883925,0.43191250000000003,0.072825,0.49053749999999996,5.978575,0.0388125,0.0085125,8,train_train_CATANet_x2_scratch_20260520_141054.log,train_train_CATANet_x2_scratch_20260520_141054.log,train_train_CATANet_x2_scratch_20260520_141054.log
115000,"2026-05-20 17:54:47,187",88,0.0002,2e-05,0.013621,4.0743e-07,0.525,0.003,"2026-05-20 17:54:51,804",38.1327,0.9611,38.1540,107500,0.9613,102500,"2026-05-20 17:55:10,348",33.7175,0.9184,33.8214,90000,0.9200,102500,29.400000000000002,0.39907499999999996,0.0692625,0.4957125,5.9783,0.0387625,0.0073375,8,33.83035,0.4031375,0.0711,0.49972500000000003,5.9783,0.0386375,0.0081625,8,train_train_CATANet_x2_scratch_20260520_141054.log,train_train_CATANet_x2_scratch_20260520_141054.log,train_train_CATANet_x2_scratch_20260520_141054.log
117500,"2026-05-20 18:16:19,399",90,0.0002,2e-05,0.01364,4.768e-07,0.525,0.001,"2026-05-20 18:17:16,468",38.0832,0.961,38.1540,107500,0.9613,102500,"2026-05-20 18:17:34,566",33.7033,0.9187,33.8214,90000,0.9200,102500,33.449999999999996,0.37153749999999997,0.06860000000000001,0.5088250000000001,5.9788625,0.039325,0.007750000000000001,8,36.991099999999996,0.39110000000000006,0.07019999999999998,0.5102875,5.9788625,0.038987499999999994,0.008225000000000001,8,train_train_CATANet_x2_scratch_20260520_141054.log,train_train_CATANet_x2_scratch_20260520_141054.log,train_train_CATANet_x2_scratch_20260520_141054.log
120000,"2026-05-20 18:39:36,186",92,0.0002,2e-05,0.014111,3.8689e-07,0.531,0.003,"2026-05-20 18:39:40,631",38.1188,0.9611,38.1540,107500,0.9613,102500,"2026-05-20 18:39:59,006",33.7633,0.9193,33.8214,90000,0.9200,102500,33.7,0.3910375,0.06944999999999998,0.5096,5.9780875,0.038587500000000004,0.0071125,8,36.90180000000001,0.39006250000000003,0.0698125,0.5200499999999999,5.9780875,0.038662499999999995,0.007924999999999998,8,train_train_CATANet_x2_scratch_20260520_141054.log,train_train_CATANet_x2_scratch_20260520_141054.log,train_train_CATANet_x2_scratch_20260520_141054.log
122500,"2026-05-20 19:01:07,337",94,0.0002,2e-05,0.014211,5.2915e-07,0.524,0.001,"2026-05-20 19:02:03,907",38.1522,0.9612,38.1540,107500,0.9613,102500,"2026-05-20 19:02:23,360",33.7822,0.9194,33.8214,90000,0.9200,102500,33.800000000000004,0.34953749999999995,0.0649375,0.531425,5.97725,0.0389375,0.007212499999999998,8,37.214299999999994,0.36160000000000003,0.06634999999999999,0.532175,5.97725,0.0387875,0.007949999999999999,8,train_train_CATANet_x2_scratch_20260520_141054.log,train_train_CATANet_x2_scratch_20260520_141054.log,train_train_CATANet_x2_scratch_20260520_141054.log
125000,"2026-05-20 19:24:23,232",96,0.0002,2e-05,0.0094542,3.2566e-07,0.526,0.005,"2026-05-20 19:24:27,703",38.129,0.9612,38.1540,107500,0.9613,102500,"2026-05-20 19:24:47,610",33.7758,0.9193,33.8214,90000,0.9200,102500,33.925000000000004,0.35934999999999995,0.0669125,0.5213,5.976425,0.038775,0.0073625,8,37.714275,0.37822500000000003,0.06872500000000001,0.5237999999999999,5.976425,0.03915,0.008800000000000002,8,train_train_CATANet_x2_scratch_20260520_141054.log,train_train_CATANet_x2_scratch_20260520_141054.log,train_train_CATANet_x2_scratch_20260520_141054.log
127500,"2026-05-20 19:45:56,260",98,0.0002,2e-05,0.012409,4.1273e-07,0.523,0.001,"2026-05-20 19:46:53,494",38.1366,0.9613,38.1540,107500,0.9613,127500,"2026-05-20 19:47:12,470",33.8553,0.9204,33.8553,127500,0.9204,127500,34.575,0.33576249999999996,0.0638625,0.53505,5.976137500000001,0.038787499999999996,0.007175000000000001,8,38.5357125,0.3595375,0.06675,0.5316875,5.976137500000001,0.0387625,0.008187500000000002,8,train_train_CATANet_x2_scratch_20260520_141054.log,train_train_CATANet_x2_scratch_20260520_141054.log,train_train_CATANet_x2_scratch_20260520_141054.log
130000,"2026-05-20 20:10:00,543",100,0.0002,2e-05,0.014711,5.2478e-07,0.68,0.168,"2026-05-20 20:10:04,952",38.1308,0.9612,38.1540,107500,0.9613,127500,"2026-05-20 20:10:24,258",33.7856,0.9195,33.8553,127500,0.9204,127500,34.5,0.3660875,0.0657625,0.5237499999999999,5.975762500000001,0.0396,0.008150000000000001,8,39.232150000000004,0.3721125,0.06705,0.5282125,5.975762500000001,0.039850000000000003,0.00925,8,train_train_CATANet_x2_scratch_20260520_141054.log,train_train_CATANet_x2_scratch_20260520_141054.log,train_train_CATANet_x2_scratch_20260520_141054.log
132500,"2026-05-20 20:33:07,450",102,0.0002,2e-05,0.013019,3.9801e-07,0.524,0.001,"2026-05-20 20:34:04,703",38.135,0.9611,38.1540,107500,0.9613,127500,"2026-05-20 20:34:26,334",33.7994,0.9194,33.8553,127500,0.9204,127500,35.325,0.34535000000000005,0.06525,0.540975,5.976187500000001,0.0398,0.008275000000000001,8,39.535725,0.3556625,0.0667625,0.5409124999999999,5.976187500000001,0.0397125,0.00905,8,train_train_CATANet_x2_scratch_20260520_141054.log,train_train_CATANet_x2_scratch_20260520_141054.log,train_train_CATANet_x2_scratch_20260520_141054.log
135000,"2026-05-20 20:56:25,162",104,0.0002,2e-05,0.012166,6.2283e-07,0.525,0.002,"2026-05-20 20:56:29,692",38.176,0.9613,38.1760,135000,0.9613,135000,"2026-05-20 20:56:49,802",33.7785,0.9195,33.8553,127500,0.9204,127500,35.175,0.402525,0.069475,0.514425,5.9764,0.0387375,0.0074874999999999985,8,39.303575,0.38959999999999995,0.0683,0.5253875,5.9764,0.0387,0.008550000000000002,8,train_train_CATANet_x2_scratch_20260520_141054.log,train_train_CATANet_x2_scratch_20260520_141054.log,train_train_CATANet_x2_scratch_20260520_141054.log
137500,"2026-05-20 21:17:58,366",106,0.0002,2e-05,0.013597,5.2741e-07,0.528,0.001,"2026-05-20 21:18:55,504",38.1412,0.9613,38.1760,135000,0.9613,137500,"2026-05-20 21:19:14,128",33.7996,0.9197,33.8553,127500,0.9204,127500,36.925000000000004,0.3843625,0.0686875,0.5242125,5.975575,0.039224999999999996,0.0080375,8,41.05355,0.39465,0.06999999999999999,0.5277125,5.975575,0.039375,0.009125000000000001,8,train_train_CATANet_x2_scratch_20260520_141054.log,train_train_CATANet_x2_scratch_20260520_141054.log,train_train_CATANet_x2_scratch_20260520_141054.log
140000,"2026-05-20 21:41:15,349",108,0.0002,2e-05,0.012435,6.5437e-07,0.527,0.002,"2026-05-20 21:41:19,874",38.1614,0.9613,38.1760,135000,0.9613,140000,"2026-05-20 21:41:39,283",33.7837,0.9196,33.8553,127500,0.9204,127500,36.075,0.347675,0.0632625,0.545,5.974925000000001,0.039099999999999996,0.007875,8,41.11605,0.37516250000000007,0.06611249999999999,0.5450875000000001,5.974925000000001,0.03927499999999999,0.009237500000000001,8,train_train_CATANet_x2_scratch_20260520_141054.log,train_train_CATANet_x2_scratch_20260520_141054.log,train_train_CATANet_x2_scratch_20260520_141054.log
142500,"2026-05-20 22:02:49,715",110,0.0002,2e-05,0.012515,3.6158e-07,0.526,0.001,"2026-05-20 22:03:46,681",38.1392,0.9612,38.1760,135000,0.9613,140000,"2026-05-20 22:04:05,408",33.7806,0.9194,33.8553,127500,0.9204,127500,37.625,0.359325,0.0647625,0.5519875,5.973775,0.0386,0.007600000000000001,8,41.776787500000005,0.3615625,0.06592500000000001,0.55005,5.973775,0.0388375,0.008712500000000001,8,train_train_CATANet_x2_scratch_20260520_141054.log,train_train_CATANet_x2_scratch_20260520_141054.log,train_train_CATANet_x2_scratch_20260520_141054.log
145000,"2026-05-20 22:26:08,171",112,0.0002,2e-05,0.013678,3.9114e-07,0.528,0.002,"2026-05-20 22:26:12,466",38.1545,0.9613,38.1760,135000,0.9613,145000,"2026-05-20 22:26:31,301",33.7472,0.9195,33.8553,127500,0.9204,127500,36.3,0.36977499999999996,0.065575,0.53435,5.9736375,0.038549999999999994,0.00715,8,39.2321375,0.39594999999999997,0.06945,0.5234625,5.9736375,0.0389125,0.008600000000000002,8,train_train_CATANet_x2_scratch_20260520_141054.log,train_train_CATANet_x2_scratch_20260520_141054.log,train_train_CATANet_x2_scratch_20260520_141054.log
147500,"2026-05-20 22:47:40,892",114,0.0002,2e-05,0.012739,4.0175e-07,0.525,0.001,"2026-05-20 22:48:37,992",38.0519,0.961,38.1760,135000,0.9613,145000,"2026-05-20 22:48:58,547",33.7644,0.9198,33.8553,127500,0.9204,127500,35.55,0.40707499999999996,0.07247500000000001,0.5047249999999999,5.972387500000001,0.039200000000000006,0.0079,8,39.848225,0.4022625,0.07136250000000001,0.5133375,5.972387500000001,0.039462500000000005,0.009262500000000002,8,train_train_CATANet_x2_scratch_20260520_141054.log,train_train_CATANet_x2_scratch_20260520_141054.log,train_train_CATANet_x2_scratch_20260520_141054.log
150000,"2026-05-20 23:10:59,892",116,0.0002,2e-05,0.013138,7.4839e-07,0.526,0.002,"2026-05-20 23:11:04,892",38.167,0.9613,38.1760,135000,0.9613,150000,"2026-05-20 23:11:27,747",33.7492,0.9191,33.8553,127500,0.9204,127500,36.825,0.3562625,0.06495000000000001,0.534625,5.972962500000001,0.03918749999999999,0.0081375,8,40.821425,0.38546249999999993,0.0675875,0.5330874999999999,5.972962500000001,0.03956250000000001,0.00945,8,train_train_CATANet_x2_scratch_20260520_141054.log,train_train_CATANet_x2_scratch_20260520_141054.log,train_train_CATANet_x2_scratch_20260520_141054.log
152500,"2026-05-22 00:23:04,115",117,0.0002,2e-05,0.011788,4.1979e-07,0.515,0.001,"2026-05-22 00:24:04,393",38.1407,0.9612,38.1760,135000,0.9613,150000,"2026-05-22 00:24:30,348",33.7608,0.9195,33.8553,127500,0.9204,127500,37.1,0.3571,0.0646,0.544625,5.97385,0.0390125,0.0080125,8,40.508925,0.3791875,0.0669125,0.537675,5.97385,0.03918749999999999,0.008912500000000002,8,train_train_CATANet_x2_scratch_20260522_000211.log,train_train_CATANet_x2_scratch_20260522_000211.log,train_train_CATANet_x2_scratch_20260522_000211.log
155000,"2026-05-22 00:46:05,987",119,0.0002,2e-05,0.011289,5.6518e-07,0.517,0.002,"2026-05-22 00:46:10,799",38.1372,0.9613,38.1760,135000,0.9613,155000,"2026-05-22 00:46:30,374",33.8361,0.9203,33.8553,127500,0.9204,127500,38.349999999999994,0.329625,0.063675,0.5523250000000001,5.9728875,0.03937500000000001,0.007712500000000001,8,41.16963749999999,0.3579875,0.06690000000000002,0.5445625000000001,5.9728875,0.0397875,0.009025000000000002,8,train_train_CATANet_x2_scratch_20260522_000211.log,train_train_CATANet_x2_scratch_20260522_000211.log,train_train_CATANet_x2_scratch_20260522_000211.log
157500,"2026-05-22 01:07:11,378",121,0.0002,2e-05,0.012545,5.4923e-07,0.513,0.001,"2026-05-22 01:08:07,378",38.1599,0.9613,38.1760,135000,0.9613,157500,"2026-05-22 01:08:26,930",33.7632,0.92,33.8553,127500,0.9204,127500,39.275000000000006,0.33503749999999993,0.0642375,0.5599624999999999,5.9715,0.038925,0.008012500000000002,8,42.5624875,0.3524,0.0659625,0.5579875000000001,5.9715,0.039349999999999996,0.0094625,8,train_train_CATANet_x2_scratch_20260522_000211.log,train_train_CATANet_x2_scratch_20260522_000211.log,train_train_CATANet_x2_scratch_20260522_000211.log
160000,"2026-05-22 01:29:58,791",123,0.0002,2e-05,0.015207,8.9106e-07,0.514,0.002,"2026-05-22 01:30:03,149",38.1371,0.9612,38.1760,135000,0.9613,157500,"2026-05-22 01:30:22,688",33.7808,0.9195,33.8553,127500,0.9204,127500,37.0,0.3701,0.06748750000000002,0.5275875,5.97105,0.03906250000000001,0.007787499999999999,8,40.9999875,0.393625,0.07057500000000001,0.517525,5.97105,0.0394,0.0086375,8,train_train_CATANet_x2_scratch_20260522_000211.log,train_train_CATANet_x2_scratch_20260522_000211.log,train_train_CATANet_x2_scratch_20260522_000211.log
162500,"2026-05-22 01:51:04,045",125,0.0002,2e-05,0.014952,4.8529e-07,0.513,0.001,"2026-05-22 01:51:59,976",38.1569,0.9613,38.1760,135000,0.9613,162500,"2026-05-22 01:52:19,312",33.7517,0.9197,33.8553,127500,0.9204,127500,39.2,0.328475,0.062212500000000004,0.5657625,5.97125,0.03931249999999999,0.007987500000000002,8,43.035712499999995,0.3551,0.06493750000000001,0.5581625,5.97125,0.0395875,0.00885,8,train_train_CATANet_x2_scratch_20260522_000211.log,train_train_CATANet_x2_scratch_20260522_000211.log,train_train_CATANet_x2_scratch_20260522_000211.log
165000,"2026-05-22 02:13:52,118",127,0.0002,2e-05,0.013853,5.3075e-07,0.515,0.002,"2026-05-22 02:13:56,749",38.1702,0.9613,38.1760,135000,0.9613,165000,"2026-05-22 02:14:16,198",33.8031,0.9202,33.8553,127500,0.9204,127500,37.425,0.3468875,0.0638625,0.5459375,5.9710374999999996,0.039662499999999996,0.008124999999999999,8,41.8303625,0.376625,0.0671,0.5406875,5.9710374999999996,0.0399375,0.009075,8,train_train_CATANet_x2_scratch_20260522_000211.log,train_train_CATANet_x2_scratch_20260522_000211.log,train_train_CATANet_x2_scratch_20260522_000211.log
167500,"2026-05-22 02:34:58,422",129,0.0002,2e-05,0.01264,2.9276e-07,0.517,0.001,"2026-05-22 02:35:54,512",38.1593,0.9614,38.1760,135000,0.9614,167500,"2026-05-22 02:36:13,671",33.7725,0.9198,33.8553,127500,0.9204,127500,38.400000000000006,0.33906249999999993,0.06295,0.55945,5.970224999999999,0.039262500000000006,0.008,8,42.6071375,0.37539999999999996,0.0678625,0.5401125,5.970224999999999,0.0396125,0.009237500000000001,8,train_train_CATANet_x2_scratch_20260522_000211.log,train_train_CATANet_x2_scratch_20260522_000211.log,train_train_CATANet_x2_scratch_20260522_000211.log
170000,"2026-05-22 02:57:46,817",131,0.0002,2e-05,0.013395,7.5131e-07,0.515,0.002,"2026-05-22 02:57:51,456",38.1501,0.9612,38.1760,135000,0.9614,167500,"2026-05-22 02:58:11,096",33.8161,0.9197,33.8553,127500,0.9204,127500,39.025,0.35055000000000003,0.0653,0.5443375,5.969,0.039212500000000004,0.008087500000000001,8,44.000025,0.375375,0.0682625,0.5400750000000001,5.969,0.039575000000000006,0.009224999999999999,8,train_train_CATANet_x2_scratch_20260522_000211.log,train_train_CATANet_x2_scratch_20260522_000211.log,train_train_CATANet_x2_scratch_20260522_000211.log
172500,"2026-05-22 03:18:53,741",133,0.0002,2e-05,0.013636,6.0923e-07,0.514,0.001,"2026-05-22 03:19:49,875",38.0999,0.9612,38.1760,135000,0.9614,167500,"2026-05-22 03:20:10,404",33.7537,0.9196,33.8553,127500,0.9204,127500,39.6,0.3665875,0.066275,0.543425,5.9677875,0.0393125,0.007925000000000001,8,43.94645,0.380625,0.0681,0.5406625,5.9677875,0.0397125,0.0089625,8,train_train_CATANet_x2_scratch_20260522_000211.log,train_train_CATANet_x2_scratch_20260522_000211.log,train_train_CATANet_x2_scratch_20260522_000211.log
175000,"2026-05-22 03:41:44,211",135,0.0002,2e-05,0.013684,3.5311e-07,0.52,0.003,"2026-05-22 03:41:48,888",38.156,0.9613,38.1760,135000,0.9614,167500,"2026-05-22 03:42:09,179",33.8485,0.9202,33.8553,127500,0.9204,127500,39.925,0.3896,0.0685125,0.533725,5.9678125,0.03935,0.008,8,44.446425,0.3882,0.06874999999999999,0.5367375,5.9678125,0.039587500000000005,0.009375,8,train_train_CATANet_x2_scratch_20260522_000211.log,train_train_CATANet_x2_scratch_20260522_000211.log,train_train_CATANet_x2_scratch_20260522_000211.log
177500,"2026-05-22 04:02:51,450",137,0.0002,2e-05,0.014212,5.5473e-07,0.515,0.001,"2026-05-22 04:03:47,684",38.1208,0.9612,38.1760,135000,0.9614,167500,"2026-05-22 04:04:08,037",33.8323,0.9203,33.8553,127500,0.9204,127500,41.425,0.35173750000000004,0.0646625,0.5609,5.9670875,0.039175,0.0079625,8,44.7767875,0.37096250000000003,0.067525,0.547425,5.9670875,0.039725,0.009275,8,train_train_CATANet_x2_scratch_20260522_000211.log,train_train_CATANet_x2_scratch_20260522_000211.log,train_train_CATANet_x2_scratch_20260522_000211.log
180000,"2026-05-22 04:25:43,145",139,0.0002,2e-05,0.011649,3.6109e-07,0.515,0.004,"2026-05-22 04:25:47,746",38.1576,0.9613,38.1760,135000,0.9614,167500,"2026-05-22 04:26:07,263",33.7747,0.9196,33.8553,127500,0.9204,127500,40.95,0.3151625,0.0612375,0.5725625,5.967087500000001,0.038825,0.0075499999999999986,8,45.5089375,0.33053750000000004,0.0630125,0.5697,5.967087500000001,0.0392,0.0088625,8,train_train_CATANet_x2_scratch_20260522_000211.log,train_train_CATANet_x2_scratch_20260522_000211.log,train_train_CATANet_x2_scratch_20260522_000211.log
182500,"2026-05-22 04:46:50,173",141,0.0002,2e-05,0.011416,4.9794e-07,0.514,0.001,"2026-05-22 04:47:46,797",38.1576,0.9613,38.1760,135000,0.9614,167500,"2026-05-22 04:48:07,647",33.7957,0.9197,33.8553,127500,0.9204,127500,41.099999999999994,0.3265875,0.06237500000000001,0.5603375,5.965562500000001,0.038675,0.007274999999999999,8,45.14285,0.37032499999999996,0.067375,0.5459125,5.965562500000001,0.038962500000000004,0.0085375,8,train_train_CATANet_x2_scratch_20260522_000211.log,train_train_CATANet_x2_scratch_20260522_000211.log,train_train_CATANet_x2_scratch_20260522_000211.log
185000,"2026-05-22 05:09:42,946",143,0.0002,2e-05,0.014668,5.9324e-07,0.516,0.007,"2026-05-22 05:09:47,445",38.1265,0.9614,38.1760,135000,0.9614,185000,"2026-05-22 05:10:06,808",33.7751,0.9197,33.8553,127500,0.9204,127500,41.775,0.3382875,0.063225,0.574525,5.9648375,0.039349999999999996,0.00785,8,45.589287500000005,0.355175,0.066475,0.5634375,5.9648375,0.039925,0.009225000000000002,8,train_train_CATANet_x2_scratch_20260522_000211.log,train_train_CATANet_x2_scratch_20260522_000211.log,train_train_CATANet_x2_scratch_20260522_000211.log
187500,"2026-05-22 05:30:50,421",145,0.0002,2e-05,0.01326,5.8466e-07,0.513,0.001,"2026-05-22 05:31:47,106",38.1431,0.9612,38.1760,135000,0.9614,185000,"2026-05-22 05:32:06,605",33.8016,0.9198,33.8553,127500,0.9204,127500,42.45,0.3244,0.060637500000000004,0.5945375,5.9643125,0.0392875,0.0078625,8,46.116074999999995,0.33925,0.06244999999999999,0.5858,5.9643125,0.03963749999999999,0.0091875,8,train_train_CATANet_x2_scratch_20260522_000211.log,train_train_CATANet_x2_scratch_20260522_000211.log,train_train_CATANet_x2_scratch_20260522_000211.log
190000,"2026-05-22 05:53:41,053",147,0.0002,2e-05,0.011264,4.3265e-07,0.665,0.164,"2026-05-22 05:53:45,785",38.1318,0.9612,38.1760,135000,0.9614,185000,"2026-05-22 05:54:05,459",33.7976,0.9199,33.8553,127500,0.9204,127500,42.525,0.30855,0.059812500000000005,0.59165,5.9638875,0.038862499999999994,0.007724999999999999,8,45.955349999999996,0.34890000000000004,0.0647375,0.5723624999999999,5.9638875,0.039475,0.009174999999999999,8,train_train_CATANet_x2_scratch_20260522_000211.log,train_train_CATANet_x2_scratch_20260522_000211.log,train_train_CATANet_x2_scratch_20260522_000211.log
192500,"2026-05-22 06:14:49,443",149,0.0002,2e-05,0.015056,4.277e-07,0.517,0.001,"2026-05-22 06:15:45,644",38.1422,0.9612,38.1760,135000,0.9614,185000,"2026-05-22 06:16:05,467",33.8395,0.9201,33.8553,127500,0.9204,127500,43.075,0.339225,0.062400000000000004,0.5788125,5.963237499999999,0.039087500000000004,0.00805,8,47.303562500000005,0.355275,0.0653875,0.5714125,5.963237499999999,0.03960000000000001,0.009387500000000002,8,train_train_CATANet_x2_scratch_20260522_000211.log,train_train_CATANet_x2_scratch_20260522_000211.log,train_train_CATANet_x2_scratch_20260522_000211.log
195000,"2026-05-22 06:37:39,414",151,0.0002,2e-05,0.013244,5.1194e-07,0.514,0.001,"2026-05-22 06:37:43,890",38.1575,0.9613,38.1760,135000,0.9614,185000,"2026-05-22 06:38:03,340",33.8189,0.9204,33.8553,127500,0.9204,195000,43.025000000000006,0.29460000000000003,0.05815,0.5999,5.962425,0.0389625,0.0079125,8,46.6160625,0.3348875,0.06245,0.5876625000000001,5.962425,0.03937500000000001,0.009187500000000001,8,train_train_CATANet_x2_scratch_20260522_000211.log,train_train_CATANet_x2_scratch_20260522_000211.log,train_train_CATANet_x2_scratch_20260522_000211.log
197500,"2026-05-22 06:58:46,726",153,0.0002,2e-05,0.013047,4.56e-07,0.515,0.001,"2026-05-22 06:59:42,831",38.1788,0.9615,38.1788,197500,0.9615,197500,"2026-05-22 07:00:03,596",33.8048,0.9202,33.8553,127500,0.9204,195000,43.27499999999999,0.307825,0.059762499999999996,0.59605,5.9613625,0.039287499999999996,0.0081875,8,47.526787500000005,0.3340125,0.0624875,0.5838875,5.9613625,0.039712500000000005,0.009525,8,train_train_CATANet_x2_scratch_20260522_000211.log,train_train_CATANet_x2_scratch_20260522_000211.log,train_train_CATANet_x2_scratch_20260522_000211.log
200000,"2026-05-22 07:21:38,295",155,0.0002,2e-05,0.01292,4.9221e-07,0.517,0.001,"2026-05-22 07:21:42,778",38.1724,0.9614,38.1788,197500,0.9615,197500,"2026-05-22 07:22:02,025",33.7916,0.9196,33.8553,127500,0.9204,195000,41.75,0.340175,0.0623625,0.5690124999999999,5.960324999999999,0.03887500000000001,0.007562500000000001,8,46.785712499999995,0.3597625,0.06485,0.5682875000000001,5.960324999999999,0.039175,0.008687499999999997,8,train_train_CATANet_x2_scratch_20260522_000211.log,train_train_CATANet_x2_scratch_20260522_000211.log,train_train_CATANet_x2_scratch_20260522_000211.log
202500,"2026-05-22 07:42:44,172",157,0.0002,2e-05,0.012622,5.3791e-07,0.513,0.001,"2026-05-22 07:43:40,163",38.1969,0.9614,38.1969,202500,0.9615,197500,"2026-05-22 07:43:59,435",33.811,0.92,33.8553,127500,0.9204,195000,41.45,0.334175,0.0618875,0.5734999999999999,5.96035,0.03944999999999999,0.008375,8,46.31250000000001,0.34725000000000006,0.06385,0.570325,5.96035,0.03995,0.009637500000000002,8,train_train_CATANet_x2_scratch_20260522_000211.log,train_train_CATANet_x2_scratch_20260522_000211.log,train_train_CATANet_x2_scratch_20260522_000211.log
205000,"2026-05-22 08:05:33,677",159,0.0002,2e-05,0.011141,3.9156e-07,0.515,0.002,"2026-05-22 08:05:38,297",38.147,0.9613,38.1969,202500,0.9615,197500,"2026-05-22 08:05:57,430",33.8434,0.9205,33.8553,127500,0.9205,205000,39.575,0.3437875,0.063525,0.5592750000000001,5.9597999999999995,0.038962500000000004,0.0078875,8,44.5625,0.37098749999999997,0.06630000000000001,0.5446375,5.9597999999999995,0.0394,0.0091875,8,train_train_CATANet_x2_scratch_20260522_000211.log,train_train_CATANet_x2_scratch_20260522_000211.log,train_train_CATANet_x2_scratch_20260522_000211.log
207500,"2026-05-22 08:26:40,836",161,0.0002,2e-05,0.012339,6.3804e-07,0.515,0.001,"2026-05-22 08:27:37,341",38.1919,0.9615,38.1969,202500,0.9615,207500,"2026-05-22 08:27:56,975",33.8061,0.92,33.8553,127500,0.9205,205000,42.4,0.32423749999999996,0.0612375,0.5697249999999999,5.9595125,0.0392,0.007850000000000001,8,46.89285,0.3537125,0.06457500000000001,0.5667749999999999,5.9595125,0.0397875,0.009300000000000001,8,train_train_CATANet_x2_scratch_20260522_000211.log,train_train_CATANet_x2_scratch_20260522_000211.log,train_train_CATANet_x2_scratch_20260522_000211.log
210000,"2026-05-22 08:49:29,539",163,0.0002,2e-05,0.012078,5.7291e-07,0.514,0.002,"2026-05-22 08:49:33,874",38.1712,0.9613,38.1969,202500,0.9615,207500,"2026-05-22 08:49:53,097",33.7825,0.9198,33.8553,127500,0.9205,205000,42.55,0.2910625,0.058824999999999995,0.5947374999999999,5.95885,0.0396125,0.00845,8,47.64285,0.33569999999999994,0.0630875,0.580025,5.95885,0.040075,0.0094375,8,train_train_CATANet_x2_scratch_20260522_000211.log,train_train_CATANet_x2_scratch_20260522_000211.log,train_train_CATANet_x2_scratch_20260522_000211.log
212500,"2026-05-22 09:10:34,467",165,0.0002,2e-05,0.014387,5.2505e-07,0.517,0.001,"2026-05-22 09:11:30,404",38.153,0.9613,38.1969,202500,0.9615,207500,"2026-05-22 09:11:49,702",33.7639,0.9199,33.8553,127500,0.9205,205000,42.8,0.31174999999999997,0.0604625,0.585975,5.95735,0.0390875,0.008050000000000002,8,47.7857125,0.35175,0.063675,0.57425,5.95735,0.03955,0.0092125,8,train_train_CATANet_x2_scratch_20260522_000211.log,train_train_CATANet_x2_scratch_20260522_000211.log,train_train_CATANet_x2_scratch_20260522_000211.log
215000,"2026-05-22 09:33:25,966",167,0.0002,2e-05,0.013169,5.3662e-07,0.516,0.003,"2026-05-22 09:33:31,178",38.194,0.9614,38.1969,202500,0.9615,207500,"2026-05-22 09:33:53,965",33.7915,0.9199,33.8553,127500,0.9205,205000,41.900000000000006,0.30946250000000003,0.05972499999999999,0.5827625,5.9567375,0.039412499999999996,0.008075,8,47.1875,0.33723749999999997,0.0626,0.5800500000000001,5.9567375,0.0396875,0.0095375,8,train_train_CATANet_x2_scratch_20260522_000211.log,train_train_CATANet_x2_scratch_20260522_000211.log,train_train_CATANet_x2_scratch_20260522_000211.log
217500,"2026-05-22 09:54:41,390",169,0.0002,2e-05,0.012874,6.2761e-07,0.516,0.001,"2026-05-22 09:55:38,137",38.1343,0.9613,38.1969,202500,0.9615,207500,"2026-05-22 09:55:59,308",33.8471,0.9206,33.8553,127500,0.9206,217500,40.75,0.304775,0.059012499999999996,0.5809375000000001,5.956325,0.0397625,0.0087125,8,46.714275,0.34948750000000006,0.0645125,0.5671625000000001,5.956325,0.0404,0.0104125,8,train_train_CATANet_x2_scratch_20260522_000211.log,train_train_CATANet_x2_scratch_20260522_000211.log,train_train_CATANet_x2_scratch_20260522_000211.log
220000,"2026-05-22 10:17:38,834",171,0.0002,2e-05,0.014376,6.3584e-07,0.522,0.004,"2026-05-22 10:17:43,835",38.1664,0.9615,38.1969,202500,0.9615,220000,"2026-05-22 10:18:03,687",33.8872,0.9208,33.8872,220000,0.9208,220000,42.724999999999994,0.29441249999999997,0.0578625,0.5949375,5.9556,0.039075,0.008100000000000001,8,46.54463750000001,0.33821249999999997,0.063975,0.573025,5.9556,0.039825,0.009624999999999998,8,train_train_CATANet_x2_scratch_20260522_000211.log,train_train_CATANet_x2_scratch_20260522_000211.log,train_train_CATANet_x2_scratch_20260522_000211.log
222500,"2026-05-22 10:38:51,280",173,0.0002,2e-05,0.013447,7.5098e-07,0.517,0.001,"2026-05-22 10:39:47,691",38.1835,0.9614,38.1969,202500,0.9615,220000,"2026-05-22 10:40:06,795",33.8006,0.9198,33.8872,220000,0.9208,220000,44.075,0.2689375,0.054337500000000004,0.6125375000000001,5.9549375,0.039575,0.0087375,8,48.01786249999999,0.32151250000000003,0.0606,0.59205,5.9549375,0.040162500000000004,0.009875,8,train_train_CATANet_x2_scratch_20260522_000211.log,train_train_CATANet_x2_scratch_20260522_000211.log,train_train_CATANet_x2_scratch_20260522_000211.log
225000,"2026-05-22 11:01:46,452",175,0.0002,2e-05,0.011082,5.8665e-07,0.522,0.007,"2026-05-22 11:01:51,141",38.1326,0.9613,38.1969,202500,0.9615,220000,"2026-05-22 11:02:11,315",33.8278,0.9201,33.8872,220000,0.9208,220000,43.150000000000006,0.3041625,0.059337499999999994,0.5878875,5.954375,0.0398,0.008737499999999999,8,47.6607,0.3248375,0.06205,0.5823375000000001,5.954375,0.040174999999999995,0.009887499999999997,8,train_train_CATANet_x2_scratch_20260522_000211.log,train_train_CATANet_x2_scratch_20260522_000211.log,train_train_CATANet_x2_scratch_20260522_000211.log
227500,"2026-05-22 11:22:58,133",177,0.0002,2e-05,0.015013,7.0408e-07,0.515,0.001,"2026-05-22 11:23:54,620",38.1028,0.9613,38.1969,202500,0.9615,220000,"2026-05-22 11:24:14,820",33.8089,0.92,33.8872,220000,0.9208,220000,41.875,0.2910625,0.056587500000000006,0.6020125000000001,5.9533625,0.0400375,0.008525,8,47.0803625,0.32975,0.0613875,0.5901749999999999,5.9533625,0.04053749999999999,0.009975,8,train_train_CATANet_x2_scratch_20260522_000211.log,train_train_CATANet_x2_scratch_20260522_000211.log,train_train_CATANet_x2_scratch_20260522_000211.log
230000,"2026-05-22 11:45:52,612",179,0.0002,2e-05,0.013692,8.0598e-07,0.597,0.092,"2026-05-22 11:45:57,795",38.1599,0.9613,38.1969,202500,0.9615,220000,"2026-05-22 11:46:17,759",33.8833,0.9204,33.8872,220000,0.9208,220000,39.975,0.3047625,0.059137499999999996,0.5862375,5.953125,0.0398375,0.008374999999999999,8,45.0803625,0.3286375,0.0627625,0.5705749999999999,5.953125,0.0405875,0.010337499999999998,8,train_train_CATANet_x2_scratch_20260522_000211.log,train_train_CATANet_x2_scratch_20260522_000211.log,train_train_CATANet_x2_scratch_20260522_000211.log
232500,"2026-05-22 12:07:03,976",181,0.0002,2e-05,0.013536,4.8927e-07,0.516,0.001,"2026-05-22 12:08:01,141",38.1864,0.9614,38.1969,202500,0.9615,220000,"2026-05-22 12:08:22,219",33.8368,0.9201,33.8872,220000,0.9208,220000,43.55,0.2975125,0.058374999999999996,0.5977125000000001,5.9532,0.039925,0.0085875,8,48.2142875,0.3260875,0.0616125,0.5895875,5.9532,0.040487499999999996,0.010199999999999999,8,train_train_CATANet_x2_scratch_20260522_000211.log,train_train_CATANet_x2_scratch_20260522_000211.log,train_train_CATANet_x2_scratch_20260522_000211.log
235000,"2026-05-22 12:29:59,926",183,0.0002,2e-05,0.013386,4.3441e-07,0.515,0.002,"2026-05-22 12:30:04,557",38.2057,0.9614,38.2057,235000,0.9615,220000,"2026-05-22 12:30:26,081",33.8169,0.9196,33.8872,220000,0.9208,220000,41.89999999999999,0.32408750000000003,0.0601,0.5859375,5.9516875,0.03935,0.0077875,8,46.553574999999995,0.3389375,0.06349999999999999,0.5710375,5.9516875,0.039862499999999995,0.0093375,8,train_train_CATANet_x2_scratch_20260522_000211.log,train_train_CATANet_x2_scratch_20260522_000211.log,train_train_CATANet_x2_scratch_20260522_000211.log
237500,"2026-05-22 12:51:15,010",185,0.0002,2e-05,0.0090607,5.58e-07,0.518,0.001,"2026-05-22 12:52:12,203",38.1778,0.9614,38.2057,235000,0.9615,220000,"2026-05-22 12:52:32,484",33.8309,0.9203,33.8872,220000,0.9208,220000,42.7,0.31295,0.058887499999999995,0.5875,5.951487500000001,0.03982499999999999,0.0082,8,47.348225,0.33425,0.06346249999999999,0.5709249999999999,5.951487500000001,0.0406375,0.010075,8,train_train_CATANet_x2_scratch_20260522_000211.log,train_train_CATANet_x2_scratch_20260522_000211.log,train_train_CATANet_x2_scratch_20260522_000211.log
240000,"2026-05-22 13:14:11,184",187,0.0002,2e-05,0.011196,5.8041e-07,0.517,0.002,"2026-05-22 13:14:16,203",38.173,0.9614,38.2057,235000,0.9615,220000,"2026-05-22 13:14:36,944",33.8618,0.9203,33.8872,220000,0.9208,220000,44.075,0.30425,0.057237500000000004,0.6061750000000001,5.951037499999999,0.0395,0.0080625,8,48.0178625,0.3393875,0.062162499999999996,0.5860250000000001,5.951037499999999,0.040174999999999995,0.0094875,8,train_train_CATANet_x2_scratch_20260522_000211.log,train_train_CATANet_x2_scratch_20260522_000211.log,train_train_CATANet_x2_scratch_20260522_000211.log
242500,"2026-05-22 13:35:23,615",189,0.0002,2e-05,0.012877,5.0247e-07,0.514,0.001,"2026-05-22 13:36:20,110",38.1692,0.9615,38.2057,235000,0.9615,242500,"2026-05-22 13:36:40,819",33.8724,0.9206,33.8872,220000,0.9208,220000,42.475,0.29216250000000005,0.0581,0.5980500000000001,5.949825000000001,0.03947499999999999,0.008199999999999999,8,47.5089375,0.323625,0.0611125,0.5868625000000001,5.949825000000001,0.040325,0.0104125,8,train_train_CATANet_x2_scratch_20260522_000211.log,train_train_CATANet_x2_scratch_20260522_000211.log,train_train_CATANet_x2_scratch_20260522_000211.log
245000,"2026-05-22 13:58:16,898",191,0.0002,2e-05,0.012755,4.3704e-07,0.518,0.002,"2026-05-22 13:58:22,125",38.176,0.9614,38.2057,235000,0.9615,242500,"2026-05-22 13:58:42,215",33.8052,0.9203,33.8872,220000,0.9208,220000,42.925,0.2878,0.05681250000000001,0.6037375,5.9495125,0.039637500000000006,0.008225,8,47.48213749999999,0.330725,0.06111249999999999,0.58525,5.9495125,0.04057499999999999,0.0102375,8,train_train_CATANet_x2_scratch_20260522_000211.log,train_train_CATANet_x2_scratch_20260522_000211.log,train_train_CATANet_x2_scratch_20260522_000211.log
247500,"2026-05-22 14:19:27,765",193,0.0002,2e-05,0.0094729,4.9141e-07,0.515,0.001,"2026-05-22 14:20:24,031",38.182,0.9614,38.2057,235000,0.9615,242500,"2026-05-22 14:20:44,190",33.8665,0.9204,33.8872,220000,0.9208,220000,42.975,0.29255000000000003,0.056712500000000006,0.6056375,5.94875,0.039525,0.007987499999999998,8,47.375,0.3387,0.062287499999999996,0.5829500000000001,5.94875,0.040375,0.009775,8,train_train_CATANet_x2_scratch_20260522_000211.log,train_train_CATANet_x2_scratch_20260522_000211.log,train_train_CATANet_x2_scratch_20260522_000211.log
250000,"2026-05-22 14:42:20,437",195,0.0002,2e-05,0.013695,6.8517e-07,0.516,0.002,"2026-05-22 14:42:25,395",38.1888,0.9614,38.2057,235000,0.9615,242500,"2026-05-22 14:42:45,628",33.8566,0.9203,33.8872,220000,0.9208,220000,43.0,0.3165625,0.06,0.5878000000000001,5.947637500000001,0.0399375,0.00825,8,48.696437499999995,0.32081249999999994,0.060575000000000004,0.5898375,5.947637500000001,0.04050000000000001,0.010087499999999998,8,train_train_CATANet_x2_scratch_20260522_000211.log,train_train_CATANet_x2_scratch_20260522_000211.log,train_train_CATANet_x2_scratch_20260522_000211.log
252500,"2026-05-22 15:03:28,766",197,0.0002,2e-05,0.011497,5.2702e-07,0.516,0.001,"2026-05-22 15:04:25,617",38.1623,0.9614,38.2057,235000,0.9615,242500,"2026-05-22 15:04:46,411",33.8749,0.9207,33.8872,220000,0.9208,220000,42.525000000000006,0.296325,0.057887499999999995,0.5970125000000001,5.947625,0.039299999999999995,0.007824999999999999,8,47.8303625,0.3350375,0.0617,0.5803250000000001,5.947625,0.03995,0.009325,8,train_train_CATANet_x2_scratch_20260522_000211.log,train_train_CATANet_x2_scratch_20260522_000211.log,train_train_CATANet_x2_scratch_20260522_000211.log
255000,"2026-05-22 15:26:22,482",199,0.0002,2e-05,0.011487,5.7665e-07,0.515,0.003,"2026-05-22 15:26:27,477",38.1446,0.9613,38.2057,235000,0.9615,242500,"2026-05-22 15:26:47,576",33.8788,0.9212,33.8872,220000,0.9212,255000,42.95,0.30977499999999997,0.0585125,0.590375,5.946574999999999,0.039287499999999996,0.007825,8,47.06249999999999,0.342775,0.06319999999999999,0.570925,5.946574999999999,0.040100000000000004,0.00955,8,train_train_CATANet_x2_scratch_20260522_000211.log,train_train_CATANet_x2_scratch_20260522_000211.log,train_train_CATANet_x2_scratch_20260522_000211.log
257500,"2026-05-22 15:47:33,530",201,0.0002,2e-05,0.010867,5.7403e-07,0.516,0.001,"2026-05-22 15:48:30,345",38.1781,0.9614,38.2057,235000,0.9615,242500,"2026-05-22 15:48:50,891",33.8158,0.9198,33.8872,220000,0.9212,255000,43.875,0.2774125,0.05673749999999999,0.6041875000000001,5.946175,0.039225,0.007325,8,48.071437499999995,0.3348125,0.062875,0.5754125,5.946175,0.039887500000000006,0.009149999999999998,8,train_train_CATANet_x2_scratch_20260522_000211.log,train_train_CATANet_x2_scratch_20260522_000211.log,train_train_CATANet_x2_scratch_20260522_000211.log
260000,"2026-05-22 16:10:26,851",203,0.0002,2e-05,0.010404,4.2068e-07,0.521,0.003,"2026-05-22 16:10:31,964",38.1906,0.9613,38.2057,235000,0.9615,242500,"2026-05-22 16:10:52,494",33.8591,0.92,33.8872,220000,0.9212,255000,43.225,0.287475,0.0573125,0.6084375000000001,5.9461125,0.0396125,0.0081,8,47.16965,0.3276375,0.06176249999999999,0.5847500000000001,5.9461125,0.040150000000000005,0.009850000000000001,8,train_train_CATANet_x2_scratch_20260522_000211.log,train_train_CATANet_x2_scratch_20260522_000211.log,train_train_CATANet_x2_scratch_20260522_000211.log
262500,"2026-05-22 16:31:38,247",205,0.0002,2e-05,0.014888,7.5145e-07,0.516,0.001,"2026-05-22 16:32:34,728",38.1832,0.9615,38.2057,235000,0.9615,262500,"2026-05-22 16:32:54,527",33.9014,0.9204,33.9014,262500,0.9212,255000,42.224999999999994,0.28025,0.055737499999999995,0.6052,5.9445875,0.039162499999999996,0.007787499999999999,8,47.6875125,0.3124875,0.060450000000000004,0.5863124999999999,5.9445875,0.04002499999999999,0.0095875,8,train_train_CATANet_x2_scratch_20260522_000211.log,train_train_CATANet_x2_scratch_20260522_000211.log,train_train_CATANet_x2_scratch_20260522_000211.log
265000,"2026-05-22 16:54:30,398",207,0.0002,2e-05,0.011927,5.9668e-07,0.516,0.006,"2026-05-22 16:54:35,555",38.2004,0.9615,38.2057,235000,0.9615,265000,"2026-05-22 16:54:55,747",33.8813,0.921,33.9014,262500,0.9212,255000,44.8,0.2604,0.0532,0.631175,5.9447375000000005,0.0394875,0.0080875,8,49.071425000000005,0.29874999999999996,0.0581625,0.6121125,5.9447375000000005,0.040049999999999995,0.0096,8,train_train_CATANet_x2_scratch_20260522_000211.log,train_train_CATANet_x2_scratch_20260522_000211.log,train_train_CATANet_x2_scratch_20260522_000211.log
267500,"2026-05-22 17:15:42,491",209,0.0002,2e-05,0.01092,5.1109e-07,0.519,0.001,"2026-05-22 17:16:39,499",38.1715,0.9613,38.2057,235000,0.9615,265000,"2026-05-22 17:17:00,053",33.7746,0.9191,33.9014,262500,0.9212,255000,43.575,0.277025,0.0559625,0.6089499999999999,5.9434375,0.039612499999999995,0.008712500000000001,8,48.008925,0.348575,0.0631875,0.5749124999999999,5.9434375,0.040775,0.010537500000000002,8,train_train_CATANet_x2_scratch_20260522_000211.log,train_train_CATANet_x2_scratch_20260522_000211.log,train_train_CATANet_x2_scratch_20260522_000211.log
270000,"2026-05-22 17:38:39,410",211,0.0002,2e-05,0.014011,6.8902e-07,0.561,0.056,"2026-05-22 17:38:44,351",38.2009,0.9614,38.2057,235000,0.9615,265000,"2026-05-22 17:39:04,277",33.8827,0.9207,33.9014,262500,0.9212,255000,43.900000000000006,0.2972,0.0580125,0.5948749999999999,5.9430125,0.039287499999999996,0.008137500000000002,8,49.01785,0.33543749999999994,0.06235,0.5838625,5.9430125,0.040075,0.0094125,8,train_train_CATANet_x2_scratch_20260522_000211.log,train_train_CATANet_x2_scratch_20260522_000211.log,train_train_CATANet_x2_scratch_20260522_000211.log
272500,"2026-05-22 17:59:50,603",213,0.0002,2e-05,0.012618,6.3782e-07,0.517,0.001,"2026-05-22 18:00:47,370",38.1805,0.9614,38.2057,235000,0.9615,265000,"2026-05-22 18:01:08,503",33.8614,0.9207,33.9014,262500,0.9212,255000,43.55,0.2978375,0.0578375,0.59915,5.9424125,0.039299999999999995,0.0078625,8,48.1964375,0.33559999999999995,0.061700000000000005,0.5844625,5.9424125,0.040150000000000005,0.0096625,8,train_train_CATANet_x2_scratch_20260522_000211.log,train_train_CATANet_x2_scratch_20260522_000211.log,train_train_CATANet_x2_scratch_20260522_000211.log
275000,"2026-05-22 18:22:44,444",215,0.0002,2e-05,0.016095,6.9179e-07,0.516,0.002,"2026-05-22 18:22:49,731",38.1963,0.9615,38.2057,235000,0.9615,275000,"2026-05-22 18:23:10,809",33.9081,0.9207,33.9081,275000,0.9212,255000,43.675,0.28469999999999995,0.0569875,0.60295,5.942287499999999,0.0393625,0.0076625,8,48.4821375,0.32056250000000003,0.060625,0.5909375,5.942287499999999,0.0400125,0.0095625,8,train_train_CATANet_x2_scratch_20260522_000211.log,train_train_CATANet_x2_scratch_20260522_000211.log,train_train_CATANet_x2_scratch_20260522_000211.log
277500,"2026-05-22 18:43:59,723",217,0.0002,2e-05,0.010191,5.6803e-07,0.518,0.001,"2026-05-22 18:44:56,273",38.1747,0.9614,38.2057,235000,0.9615,275000,"2026-05-22 18:45:18,129",33.8908,0.9206,33.9081,275000,0.9212,255000,42.625,0.28191249999999995,0.056824999999999994,0.596325,5.940849999999999,0.03899999999999999,0.0072125,8,47.196425,0.33675,0.06267500000000001,0.5773625,5.940849999999999,0.039874999999999994,0.009212499999999998,8,train_train_CATANet_x2_scratch_20260522_000211.log,train_train_CATANet_x2_scratch_20260522_000211.log,train_train_CATANet_x2_scratch_20260522_000211.log
280000,"2026-05-22 19:06:59,412",219,0.0002,2e-05,0.013309,4.8614e-07,0.518,0.002,"2026-05-22 19:07:04,843",38.1984,0.9616,38.2057,235000,0.9616,280000,"2026-05-22 19:07:25,286",33.9064,0.9208,33.9081,275000,0.9212,255000,44.725,0.29146249999999996,0.05685,0.6033,5.9410625,0.039612499999999995,0.007749999999999999,8,49.2232125,0.3171125,0.06062500000000001,0.5952374999999999,5.9410625,0.0402875,0.0095625,8,train_train_CATANet_x2_scratch_20260522_000211.log,train_train_CATANet_x2_scratch_20260522_000211.log,train_train_CATANet_x2_scratch_20260522_000211.log
282500,"2026-05-22 19:28:16,398",221,0.0002,2e-05,0.012165,5.0441e-07,0.517,0.001,"2026-05-22 19:29:13,338",38.2043,0.9614,38.2057,235000,0.9616,280000,"2026-05-22 19:29:34,298",33.8933,0.9207,33.9081,275000,0.9212,255000,44.25,0.29127499999999995,0.05741249999999999,0.6062625,5.9403875,0.039925,0.00795,8,48.4285625,0.307025,0.059637499999999996,0.5985250000000001,5.9403875,0.0404125,0.009512500000000002,8,train_train_CATANet_x2_scratch_20260522_000211.log,train_train_CATANet_x2_scratch_20260522_000211.log,train_train_CATANet_x2_scratch_20260522_000211.log
285000,"2026-05-22 19:51:16,451",223,0.0002,2e-05,0.0091712,5.0501e-07,0.521,0.002,"2026-05-22 19:51:21,958",38.1742,0.9614,38.2057,235000,0.9616,280000,"2026-05-22 19:51:44,115",33.8711,0.9207,33.9081,275000,0.9212,255000,45.849999999999994,0.28232500000000005,0.05505,0.6192875000000001,5.9394375,0.0392875,0.0076,8,49.973225,0.32017500000000004,0.0596875,0.6029875,5.9394375,0.040112499999999995,0.009487500000000001,8,train_train_CATANet_x2_scratch_20260522_000211.log,train_train_CATANet_x2_scratch_20260522_000211.log,train_train_CATANet_x2_scratch_20260522_000211.log
287500,"2026-05-22 20:12:33,395",225,0.0002,2e-05,0.014058,7.5877e-07,0.516,0.001,"2026-05-22 20:13:30,132",38.2119,0.9614,38.2119,287500,0.9616,280000,"2026-05-22 20:13:51,396",33.8715,0.9204,33.9081,275000,0.9212,255000,43.275,0.29490000000000005,0.0563375,0.60735,5.9378625,0.03965,0.007750000000000001,8,47.8392875,0.330925,0.060512500000000004,0.59165,5.9378625,0.0399125,0.009025,8,train_train_CATANet_x2_scratch_20260522_000211.log,train_train_CATANet_x2_scratch_20260522_000211.log,train_train_CATANet_x2_scratch_20260522_000211.log
290000,"2026-05-22 20:35:34,159",227,0.0002,2e-05,0.012378,4.3618e-07,0.517,0.002,"2026-05-22 20:35:39,458",38.1943,0.9614,38.2119,287500,0.9616,280000,"2026-05-22 20:36:01,922",33.8231,0.9199,33.9081,275000,0.9212,255000,44.449999999999996,0.2671,0.0546875,0.6155999999999999,5.936537499999999,0.0394875,0.007337499999999999,8,48.991075,0.31797499999999995,0.05952500000000001,0.59825,5.936537499999999,0.0399625,0.009062500000000001,8,train_train_CATANet_x2_scratch_20260522_000211.log,train_train_CATANet_x2_scratch_20260522_000211.log,train_train_CATANet_x2_scratch_20260522_000211.log
292500,"2026-05-22 20:56:53,548",229,0.0002,2e-05,0.015077,6.1687e-07,0.517,0.001,"2026-05-22 20:57:50,320",38.1959,0.9614,38.2119,287500,0.9616,280000,"2026-05-22 20:58:12,544",33.8378,0.9201,33.9081,275000,0.9212,255000,43.25,0.2891,0.057,0.6045375,5.93605,0.03975,0.008100000000000001,8,48.31250000000001,0.33347499999999997,0.062037499999999995,0.587,5.93605,0.040424999999999996,0.0099125,8,train_train_CATANet_x2_scratch_20260522_000211.log,train_train_CATANet_x2_scratch_20260522_000211.log,train_train_CATANet_x2_scratch_20260522_000211.log
295000,"2026-05-22 21:19:54,752",231,0.0002,2e-05,0.012786,5.8728e-07,0.517,0.003,"2026-05-22 21:19:59,798",38.2065,0.9615,38.2119,287500,0.9616,280000,"2026-05-22 21:20:21,884",33.9123,0.9207,33.9123,295000,0.9212,255000,44.675,0.2803375,0.0566125,0.6042,5.936687500000001,0.0396625,0.007962499999999999,8,48.6428625,0.3262875,0.0614625,0.581975,5.936687500000001,0.040562499999999994,0.0096125,8,train_train_CATANet_x2_scratch_20260522_000211.log,train_train_CATANet_x2_scratch_20260522_000211.log,train_train_CATANet_x2_scratch_20260522_000211.log
297500,"2026-05-22 21:41:10,747",233,0.0002,2e-05,0.014647,6.1273e-07,0.52,0.001,"2026-05-22 21:42:07,399",38.1758,0.9614,38.2119,287500,0.9616,280000,"2026-05-22 21:42:28,268",33.8781,0.9209,33.9123,295000,0.9212,255000,44.625,0.27686250000000007,0.05538749999999999,0.6146,5.936487500000001,0.039875,0.0079625,8,48.794624999999996,0.32077500000000003,0.06065,0.59215,5.936487500000001,0.0408,0.010024999999999997,8,train_train_CATANet_x2_scratch_20260522_000211.log,train_train_CATANet_x2_scratch_20260522_000211.log,train_train_CATANet_x2_scratch_20260522_000211.log
300000,"2026-05-22 22:04:11,241",235,0.0002,2e-05,0.011571,6.2917e-07,0.517,0.004,"2026-05-22 22:04:16,873",38.1723,0.9615,38.2119,287500,0.9616,280000,"2026-05-22 22:04:46,059",33.914,0.921,33.9140,300000,0.9212,255000,44.55,0.28012499999999996,0.0550875,0.6169,5.9355625,0.039625,0.00795,8,49.5000125,0.31317500000000004,0.0594375,0.5975875,5.9355625,0.04032500000000001,0.009675,8,train_train_CATANet_x2_scratch_20260522_000211.log,train_train_CATANet_x2_scratch_20260522_000211.log,train_train_CATANet_x2_scratch_20260522_000211.log
302500,"2026-05-23 14:29:40,844",236,0.0001,1e-05,0.012189,3.9029e-07,0.803,0.001,"2026-05-23 14:31:08,896",38.2063,0.9614,38.2119,287500,0.9616,280000,"2026-05-23 14:31:33,640",33.9418,0.9206,33.9418,302500,0.9212,255000,44.025000000000006,0.274975,0.054587500000000004,0.6165875000000001,5.935537500000001,0.039525,0.0075375,8,49.187487499999996,0.3197625,0.059812500000000005,0.5936,5.935537500000001,0.040249999999999994,0.009487500000000001,8,train_train_CATANet_x2_scratch_20260523_135513.log,train_train_CATANet_x2_scratch_20260523_135513.log,train_train_CATANet_x2_scratch_20260523_135513.log
305000,"2026-05-23 15:05:25,988",238,0.0001,1e-05,0.014952,4.3063e-07,0.809,0.001,"2026-05-23 15:05:29,736",38.2262,0.9616,38.2262,305000,0.9616,305000,"2026-05-23 15:05:48,252",33.9372,0.9211,33.9418,302500,0.9212,255000,44.125,0.27592500000000003,0.0552375,0.616775,5.9355625,0.0396625,0.007662500000000001,8,48.919650000000004,0.3268625,0.061399999999999996,0.589675,5.9355625,0.040325,0.009449999999999998,8,train_train_CATANet_x2_scratch_20260523_135513.log,train_train_CATANet_x2_scratch_20260523_135513.log,train_train_CATANet_x2_scratch_20260523_135513.log
307500,"2026-05-23 15:43:29,939",240,0.0001,1e-05,0.011409,6.0082e-07,0.935,0.001,"2026-05-23 15:45:08,116",38.2244,0.9615,38.2262,305000,0.9616,305000,"2026-05-23 15:45:26,680",33.939,0.9209,33.9418,302500,0.9212,255000,44.875,0.269575,0.0542,0.6235125,5.9356125,0.0394625,0.007600000000000002,8,49.0625,0.319075,0.0607,0.5909,5.9356125,0.0402625,0.009362500000000001,8,train_train_CATANet_x2_scratch_20260523_135513.log,train_train_CATANet_x2_scratch_20260523_135513.log,train_train_CATANet_x2_scratch_20260523_135513.log
310000,"2026-05-23 16:25:49,405",242,0.0001,1e-05,0.01262,4.1509e-07,0.959,0.001,"2026-05-23 16:25:53,200",38.2097,0.9614,38.2262,305000,0.9616,305000,"2026-05-23 16:26:11,780",33.9352,0.9208,33.9418,302500,0.9212,255000,45.125,0.27528749999999996,0.055725,0.6162375,5.935662499999999,0.0399125,0.008224999999999998,8,49.571425000000005,0.3235,0.060437500000000005,0.5944,5.935662499999999,0.0407,0.0101,8,train_train_CATANet_x2_scratch_20260523_135513.log,train_train_CATANet_x2_scratch_20260523_135513.log,train_train_CATANet_x2_scratch_20260523_135513.log
312500,"2026-05-23 17:04:22,652",244,0.0001,1e-05,0.013504,6.006e-07,0.849,0.001,"2026-05-23 17:05:51,100",38.2362,0.9616,38.2362,312500,0.9616,312500,"2026-05-23 17:06:09,168",33.8598,0.9204,33.9418,302500,0.9212,255000,45.775000000000006,0.264325,0.05491250000000001,0.6188249999999998,5.936612500000001,0.03951249999999999,0.0078625,8,49.383925000000005,0.31912500000000005,0.0602875,0.5998375,5.936612500000001,0.040425,0.009875,8,train_train_CATANet_x2_scratch_20260523_135513.log,train_train_CATANet_x2_scratch_20260523_135513.log,train_train_CATANet_x2_scratch_20260523_135513.log
315000,"2026-05-23 17:42:05,432",246,0.0001,1e-05,0.012631,4.7561e-07,0.847,0.001,"2026-05-23 17:42:09,239",38.225,0.9615,38.2362,312500,0.9616,312500,"2026-05-23 17:42:27,829",33.8935,0.9206,33.9418,302500,0.9212,255000,46.375,0.27726249999999997,0.0548625,0.6213,5.936725,0.0395,0.00765,8,50.0714375,0.3090875,0.059149999999999994,0.603975,5.936725,0.04014999999999999,0.0092625,8,train_train_CATANet_x2_scratch_20260523_135513.log,train_train_CATANet_x2_scratch_20260523_135513.log,train_train_CATANet_x2_scratch_20260523_135513.log
317500,"2026-05-23 18:21:21,957",248,0.0001,1e-05,0.013906,4.8423e-07,0.954,0.001,"2026-05-23 18:23:00,357",38.207,0.9616,38.2362,312500,0.9616,317500,"2026-05-23 18:23:18,447",33.9285,0.921,33.9418,302500,0.9212,255000,44.775000000000006,0.2750625,0.05486250000000001,0.6176499999999999,5.9369625,0.039674999999999995,0.0077375,8,49.26785,0.3165,0.059475,0.5970749999999999,5.9369625,0.040237499999999995,0.0094,8,train_train_CATANet_x2_scratch_20260523_135513.log,train_train_CATANet_x2_scratch_20260523_135513.log,train_train_CATANet_x2_scratch_20260523_135513.log
320000,"2026-05-23 19:03:26,563",250,0.0001,1e-05,0.015431,5.9498e-07,0.92,0.001,"2026-05-23 19:03:30,401",38.2119,0.9615,38.2362,312500,0.9616,317500,"2026-05-23 19:03:49,063",33.8883,0.9208,33.9418,302500,0.9212,255000,45.550000000000004,0.258475,0.0526,0.6291375,5.9365250000000005,0.0394,0.00775,8,49.660700000000006,0.2917625,0.0568,0.613075,5.9365250000000005,0.0399625,0.0092625,8,train_train_CATANet_x2_scratch_20260523_135513.log,train_train_CATANet_x2_scratch_20260523_135513.log,train_train_CATANet_x2_scratch_20260523_135513.log
322500,"2026-05-23 19:40:35,264",252,0.0001,1e-05,0.013552,6.1426e-07,0.837,0.001,"2026-05-23 19:42:03,157",38.2217,0.9615,38.2362,312500,0.9616,317500,"2026-05-23 19:42:21,435",33.9132,0.9207,33.9418,302500,0.9212,255000,45.949999999999996,0.2718125,0.05448750000000001,0.6191875,5.9368375,0.039799999999999995,0.0078875,8,50.008925000000005,0.327275,0.060937500000000006,0.5893499999999999,5.9368375,0.040625,0.009812499999999998,8,train_train_CATANet_x2_scratch_20260523_135513.log,train_train_CATANet_x2_scratch_20260523_135513.log,train_train_CATANet_x2_scratch_20260523_135513.log
325000,"2026-05-23 20:17:51,143",254,0.0001,1e-05,0.013754,5.747e-07,0.859,0.002,"2026-05-23 20:17:54,915",38.2467,0.9616,38.2467,325000,0.9616,325000,"2026-05-23 20:18:13,368",33.9485,0.9211,33.9485,325000,0.9212,255000,44.12500000000001,0.265675,0.0551375,0.6132125,5.9369375,0.039925,0.008225,8,48.785725,0.312875,0.05953750000000001,0.5944124999999999,5.9369375,0.0407375,0.0101,8,train_train_CATANet_x2_scratch_20260523_135513.log,train_train_CATANet_x2_scratch_20260523_135513.log,train_train_CATANet_x2_scratch_20260523_135513.log
327500,"2026-05-23 20:53:53,341",256,0.0001,1e-05,0.013329,4.9031e-07,0.866,0.001,"2026-05-23 20:55:23,966",38.2348,0.9615,38.2467,325000,0.9616,325000,"2026-05-23 20:55:42,760",33.9327,0.9207,33.9485,325000,0.9212,255000,46.05,0.2685625,0.053462499999999996,0.63075,5.9367,0.0394375,0.00795,8,49.660725,0.30342499999999994,0.0579375,0.6075875000000001,5.9367,0.0401875,0.009762500000000002,8,train_train_CATANet_x2_scratch_20260523_135513.log,train_train_CATANet_x2_scratch_20260523_135513.log,train_train_CATANet_x2_scratch_20260523_135513.log
330000,"2026-05-24 01:21:38,419",257,0.0001,1e-05,0.014383,6.6054e-07,0.525,0.003,"2026-05-24 01:21:47,247",38.2304,0.9615,38.2467,325000,0.9616,325000,"2026-05-24 01:22:12,123",33.9312,0.9207,33.9485,325000,0.9212,255000,45.75,0.27665,0.055475,0.6172874999999999,5.9369,0.0397,0.008,8,49.55358749999999,0.3289875,0.060925,0.5901375,5.9369,0.040424999999999996,0.0097,8,train_train_CATANet_x2_scratch_20260524_005918.log,train_train_CATANet_x2_scratch_20260524_005918.log,train_train_CATANet_x2_scratch_20260524_005918.log
332500,"2026-05-24 01:43:23,086",259,0.0001,1e-05,0.012026,5.0583e-07,0.525,0.001,"2026-05-24 01:44:20,912",38.2313,0.9615,38.2467,325000,0.9616,325000,"2026-05-24 01:44:40,412",33.9403,0.9207,33.9485,325000,0.9212,255000,45.475,0.2790875,0.05531250000000001,0.6166125,5.936625,0.0394875,0.0078125,8,49.1964125,0.3172625,0.05992499999999999,0.596775,5.936625,0.04039999999999999,0.009912500000000001,8,train_train_CATANet_x2_scratch_20260524_005918.log,train_train_CATANet_x2_scratch_20260524_005918.log,train_train_CATANet_x2_scratch_20260524_005918.log
335000,"2026-05-24 02:06:40,937",261,0.0001,1e-05,0.010815,4.9039e-07,0.524,0.003,"2026-05-24 02:06:45,463",38.2248,0.9615,38.2467,325000,0.9616,325000,"2026-05-24 02:07:04,775",33.9028,0.9204,33.9485,325000,0.9212,255000,47.425,0.24870000000000003,0.0515875,0.6415500000000001,5.936749999999999,0.03951249999999999,0.0078625,8,50.2321375,0.30106250000000007,0.058100000000000006,0.6102125,5.936749999999999,0.0402625,0.009399999999999997,8,train_train_CATANet_x2_scratch_20260524_005918.log,train_train_CATANet_x2_scratch_20260524_005918.log,train_train_CATANet_x2_scratch_20260524_005918.log
337500,"2026-05-24 02:28:11,134",263,0.0001,1e-05,0.012976,6.0406e-07,0.527,0.001,"2026-05-24 02:29:08,626",38.2238,0.9615,38.2467,325000,0.9616,325000,"2026-05-24 02:29:27,842",33.888,0.9202,33.9485,325000,0.9212,255000,45.25,0.28319999999999995,0.0556125,0.6183375,5.9365875,0.039724999999999996,0.0079375,8,49.45535,0.32408750000000003,0.060225,0.5968875,5.9365875,0.0403875,0.009450000000000002,8,train_train_CATANet_x2_scratch_20260524_005918.log,train_train_CATANet_x2_scratch_20260524_005918.log,train_train_CATANet_x2_scratch_20260524_005918.log
340000,"2026-05-24 02:51:31,122",265,0.0001,1e-05,0.013475,6.0338e-07,0.527,0.005,"2026-05-24 02:51:36,190",38.2356,0.9615,38.2467,325000,0.9616,325000,"2026-05-24 02:51:54,983",33.9026,0.9204,33.9485,325000,0.9212,255000,47.074999999999996,0.2594125,0.053525,0.6299,5.9364375,0.039787499999999996,0.0079875,8,50.473212499999995,0.30653749999999996,0.05801250000000001,0.60705,5.9364375,0.04028749999999999,0.009275,8,train_train_CATANet_x2_scratch_20260524_005918.log,train_train_CATANet_x2_scratch_20260524_005918.log,train_train_CATANet_x2_scratch_20260524_005918.log
342500,"2026-05-24 03:13:09,097",267,0.0001,1e-05,0.014829,5.3954e-07,0.526,0.001,"2026-05-24 03:14:06,521",38.1997,0.9615,38.2467,325000,0.9616,325000,"2026-05-24 03:14:25,826",33.9143,0.9207,33.9485,325000,0.9212,255000,45.275,0.2756625,0.0551125,0.6194375,5.9362125,0.039825000000000006,0.0080875,8,49.178575,0.31639999999999996,0.0598625,0.5972125,5.9362125,0.0404875,0.00975,8,train_train_CATANet_x2_scratch_20260524_005918.log,train_train_CATANet_x2_scratch_20260524_005918.log,train_train_CATANet_x2_scratch_20260524_005918.log
345000,"2026-05-24 03:36:31,200",269,0.0001,1e-05,0.011118,3.1088e-07,0.538,0.014,"2026-05-24 03:36:36,550",38.205,0.9615,38.2467,325000,0.9616,325000,"2026-05-24 03:36:56,155",33.9713,0.9212,33.9713,345000,0.9212,345000,45.425,0.2714125,0.055312499999999994,0.6154624999999999,5.9363,0.039725,0.0078125,8,49.875,0.3156625,0.0599125,0.5972125,5.9363,0.0401625,0.009275,8,train_train_CATANet_x2_scratch_20260524_005918.log,train_train_CATANet_x2_scratch_20260524_005918.log,train_train_CATANet_x2_scratch_20260524_005918.log
347500,"2026-05-24 03:58:10,188",271,0.0001,1e-05,0.012776,6.153e-07,0.529,0.001,"2026-05-24 03:59:08,034",38.2209,0.9614,38.2467,325000,0.9616,325000,"2026-05-24 03:59:28,524",33.9641,0.9209,33.9713,345000,0.9212,345000,43.85,0.25262500000000004,0.052625,0.626825,5.936925,0.039850000000000003,0.007874999999999998,8,48.991075,0.3094,0.0588625,0.5991375,5.936925,0.0406625,0.009800000000000001,8,train_train_CATANet_x2_scratch_20260524_005918.log,train_train_CATANet_x2_scratch_20260524_005918.log,train_train_CATANet_x2_scratch_20260524_005918.log
350000,"2026-05-24 04:21:33,752",273,0.0001,1e-05,0.011206,5.0538e-07,0.528,0.002,"2026-05-24 04:21:38,339",38.2214,0.9615,38.2467,325000,0.9616,325000,"2026-05-24 04:21:57,884",33.9282,0.9206,33.9713,345000,0.9212,345000,45.1,0.26890000000000003,0.055200000000000006,0.6181125,5.9368375,0.03983749999999999,0.008087500000000001,8,49.3839125,0.3071375,0.058625,0.6024375000000001,5.9368375,0.0403625,0.009699999999999999,8,train_train_CATANet_x2_scratch_20260524_005918.log,train_train_CATANet_x2_scratch_20260524_005918.log,train_train_CATANet_x2_scratch_20260524_005918.log
352500,"2026-05-24 04:43:11,093",275,0.0001,1e-05,0.010578,4.8997e-07,0.527,0.001,"2026-05-24 04:44:08,965",38.2112,0.9615,38.2467,325000,0.9616,325000,"2026-05-24 04:44:28,531",33.9404,0.921,33.9713,345000,0.9212,345000,45.1,0.27276249999999996,0.0546625,0.6239250000000001,5.9369375,0.039775,0.008124999999999999,8,50.25,0.30946250000000003,0.05933749999999999,0.6014,5.9369375,0.04035,0.009562500000000002,8,train_train_CATANet_x2_scratch_20260524_005918.log,train_train_CATANet_x2_scratch_20260524_005918.log,train_train_CATANet_x2_scratch_20260524_005918.log
355000,"2026-05-24 05:06:33,768",277,0.0001,1e-05,0.015362,6.6624e-07,0.526,0.002,"2026-05-24 05:06:38,908",38.2178,0.9614,38.2467,325000,0.9616,325000,"2026-05-24 05:06:59,355",33.9097,0.9208,33.9713,345000,0.9212,345000,44.575,0.26637500000000003,0.054287499999999995,0.6268750000000001,5.9373000000000005,0.039662499999999996,0.007925,8,49.1249875,0.30002500000000004,0.058125,0.6053,5.9373000000000005,0.04038750000000001,0.0094875,8,train_train_CATANet_x2_scratch_20260524_005918.log,train_train_CATANet_x2_scratch_20260524_005918.log,train_train_CATANet_x2_scratch_20260524_005918.log
357500,"2026-05-24 05:28:11,539",279,0.0001,1e-05,0.014585,8.6217e-07,0.526,0.001,"2026-05-24 05:29:09,672",38.2334,0.9615,38.2467,325000,0.9616,325000,"2026-05-24 05:29:28,440",33.9377,0.921,33.9713,345000,0.9212,345000,46.50000000000001,0.2722875,0.054525000000000004,0.6253875,5.937225,0.039924999999999995,0.0081875,8,50.071425000000005,0.300575,0.0582,0.608025,5.937225,0.040487499999999996,0.009750000000000002,8,train_train_CATANet_x2_scratch_20260524_005918.log,train_train_CATANet_x2_scratch_20260524_005918.log,train_train_CATANet_x2_scratch_20260524_005918.log
360000,"2026-05-24 05:51:33,079",281,0.0001,1e-05,0.011251,4.6714e-07,0.527,0.002,"2026-05-24 05:51:38,237",38.2284,0.9614,38.2467,325000,0.9616,325000,"2026-05-24 05:51:56,829",33.9154,0.9208,33.9713,345000,0.9212,345000,44.425,0.27416250000000003,0.055725000000000004,0.6182000000000001,5.9373875,0.0400375,0.008224999999999998,8,48.9196375,0.3159375,0.060225,0.5957749999999999,5.9373875,0.04045,0.0096,8,train_train_CATANet_x2_scratch_20260524_005918.log,train_train_CATANet_x2_scratch_20260524_005918.log,train_train_CATANet_x2_scratch_20260524_005918.log
362500,"2026-05-24 06:13:10,052",283,0.0001,1e-05,0.010942,4.8433e-07,0.53,0.001,"2026-05-24 06:14:07,568",38.2331,0.9615,38.2467,325000,0.9616,325000,"2026-05-24 06:14:27,678",33.9563,0.9208,33.9713,345000,0.9212,345000,46.0,0.265825,0.054425,0.6280375,5.937275,0.039662499999999996,0.007712500000000001,8,49.696412499999994,0.30665000000000003,0.05967499999999999,0.60165,5.937275,0.040325,0.009412499999999997,8,train_train_CATANet_x2_scratch_20260524_005918.log,train_train_CATANet_x2_scratch_20260524_005918.log,train_train_CATANet_x2_scratch_20260524_005918.log
365000,"2026-05-24 06:36:31,779",285,0.0001,1e-05,0.010909,4.3467e-07,0.526,0.002,"2026-05-24 06:36:36,944",38.2312,0.9615,38.2467,325000,0.9616,325000,"2026-05-24 06:36:56,942",33.9596,0.9209,33.9713,345000,0.9212,345000,44.925,0.262875,0.054362499999999994,0.6233,5.9374125,0.0398125,0.007825,8,49.089275,0.3177375,0.060325,0.5958,5.9374125,0.040362499999999996,0.009312500000000001,8,train_train_CATANet_x2_scratch_20260524_005918.log,train_train_CATANet_x2_scratch_20260524_005918.log,train_train_CATANet_x2_scratch_20260524_005918.log
367500,"2026-05-24 06:58:10,114",287,0.0001,1e-05,0.011533,4.2668e-07,0.527,0.001,"2026-05-24 06:59:07,785",38.2377,0.9616,38.2467,325000,0.9616,367500,"2026-05-24 06:59:27,041",33.9264,0.9207,33.9713,345000,0.9212,345000,45.45,0.25596250000000004,0.05355,0.6274500000000001,5.937387500000001,0.039874999999999994,0.007962499999999999,8,49.0267875,0.2914,0.058175000000000004,0.6072625,5.937387500000001,0.040674999999999996,0.0097375,8,train_train_CATANet_x2_scratch_20260524_005918.log,train_train_CATANet_x2_scratch_20260524_005918.log,train_train_CATANet_x2_scratch_20260524_005918.log
370000,"2026-05-24 07:21:30,062",289,0.0001,1e-05,0.0121,4.8201e-07,0.527,0.002,"2026-05-24 07:21:35,130",38.2295,0.9615,38.2467,325000,0.9616,367500,"2026-05-24 07:21:54,737",33.9202,0.9207,33.9713,345000,0.9212,345000,45.275000000000006,0.272,0.05495,0.62175,5.937925000000001,0.0397125,0.0080125,8,48.928575,0.31753750000000003,0.060387500000000004,0.5945124999999999,5.937925000000001,0.040675,0.0097375,8,train_train_CATANet_x2_scratch_20260524_005918.log,train_train_CATANet_x2_scratch_20260524_005918.log,train_train_CATANet_x2_scratch_20260524_005918.log
372500,"2026-05-24 07:43:04,881",291,0.0001,1e-05,0.013351,4.4939e-07,0.527,0.001,"2026-05-24 07:44:02,017",38.1993,0.9614,38.2467,325000,0.9616,367500,"2026-05-24 07:44:21,445",33.9118,0.9207,33.9713,345000,0.9212,345000,44.525000000000006,0.280825,0.05615,0.6130249999999999,5.937749999999999,0.0399625,0.0084,8,49.3660875,0.33347499999999997,0.0616125,0.589275,5.937749999999999,0.040725,0.009975000000000001,8,train_train_CATANet_x2_scratch_20260524_005918.log,train_train_CATANet_x2_scratch_20260524_005918.log,train_train_CATANet_x2_scratch_20260524_005918.log
375000,"2026-05-24 08:06:23,949",293,0.0001,1e-05,0.011355,4.9727e-07,0.526,0.003,"2026-05-24 08:06:28,769",38.2385,0.9616,38.2467,325000,0.9616,375000,"2026-05-24 08:06:49,368",33.9863,0.9211,33.9863,375000,0.9212,345000,44.625,0.2780875,0.0551625,0.6144499999999999,5.93825,0.03972500000000001,0.007975000000000001,8,49.58035,0.3135625,0.0600625,0.59605,5.93825,0.04045,0.0096125,8,train_train_CATANet_x2_scratch_20260524_005918.log,train_train_CATANet_x2_scratch_20260524_005918.log,train_train_CATANet_x2_scratch_20260524_005918.log
377500,"2026-05-24 08:28:00,710",295,0.0001,1e-05,0.011718,4.0694e-07,0.525,0.001,"2026-05-24 08:28:57,895",38.2424,0.9616,38.2467,325000,0.9616,377500,"2026-05-24 08:29:18,537",33.8643,0.9204,33.9863,375000,0.9212,345000,46.175,0.2759875,0.05526249999999999,0.6233375000000001,5.9386125000000005,0.040087500000000005,0.008137499999999999,8,50.5089375,0.30637499999999995,0.058725,0.6103749999999999,5.9386125000000005,0.040749999999999995,0.0098875,8,train_train_CATANet_x2_scratch_20260524_005918.log,train_train_CATANet_x2_scratch_20260524_005918.log,train_train_CATANet_x2_scratch_20260524_005918.log
380000,"2026-05-24 08:51:21,671",297,0.0001,1e-05,0.016712,5.3819e-07,0.528,0.005,"2026-05-24 08:51:26,406",38.2473,0.9616,38.2473,380000,0.9616,380000,"2026-05-24 08:51:46,198",33.9739,0.921,33.9863,375000,0.9212,345000,45.349999999999994,0.252875,0.051812500000000004,0.641175,5.938525,0.03943749999999999,0.0078000000000000005,8,49.4196375,0.288475,0.05625,0.6182749999999999,5.938525,0.0403625,0.009725000000000001,8,train_train_CATANet_x2_scratch_20260524_005918.log,train_train_CATANet_x2_scratch_20260524_005918.log,train_train_CATANet_x2_scratch_20260524_005918.log
382500,"2026-05-24 09:12:58,299",299,0.0001,1e-05,0.0098578,4.9424e-07,0.526,0.001,"2026-05-24 09:13:55,816",38.2209,0.9615,38.2473,380000,0.9616,380000,"2026-05-24 09:14:15,229",33.9428,0.9207,33.9863,375000,0.9212,345000,43.75,0.2581125,0.05335,0.6263375,5.938575,0.039799999999999995,0.008025000000000001,8,48.794650000000004,0.299275,0.0578375,0.6058874999999999,5.938575,0.040337500000000005,0.0094875,8,train_train_CATANet_x2_scratch_20260524_005918.log,train_train_CATANet_x2_scratch_20260524_005918.log,train_train_CATANet_x2_scratch_20260524_005918.log
385000,"2026-05-24 09:36:20,777",301,0.0001,1e-05,0.01385,6.3661e-07,0.534,0.015,"2026-05-24 09:36:26,444",38.2378,0.9615,38.2473,380000,0.9616,380000,"2026-05-24 09:36:45,291",33.9471,0.9207,33.9863,375000,0.9212,345000,45.27499999999999,0.26178750000000006,0.0534125,0.6256,5.93835,0.03983749999999999,0.00805,8,48.9732125,0.30707500000000004,0.058925,0.6016375,5.93835,0.04051249999999999,0.0097375,8,train_train_CATANet_x2_scratch_20260524_005918.log,train_train_CATANet_x2_scratch_20260524_005918.log,train_train_CATANet_x2_scratch_20260524_005918.log
387500,"2026-05-24 09:57:59,264",303,0.0001,1e-05,0.01293,6.3235e-07,0.529,0.001,"2026-05-24 09:58:57,562",38.2224,0.9615,38.2473,380000,0.9616,380000,"2026-05-24 09:59:17,282",33.9172,0.9207,33.9863,375000,0.9212,345000,46.575,0.25975000000000004,0.05323750000000001,0.63075,5.9382125,0.039825,0.0078125,8,50.0268,0.30002500000000004,0.0576625,0.6136125,5.9382125,0.040374999999999994,0.009337499999999999,8,train_train_CATANet_x2_scratch_20260524_005918.log,train_train_CATANet_x2_scratch_20260524_005918.log,train_train_CATANet_x2_scratch_20260524_005918.log
390000,"2026-05-24 10:21:26,974",305,0.0001,1e-05,0.013743,5.7452e-07,0.53,0.002,"2026-05-24 10:21:32,002",38.223,0.9615,38.2473,380000,0.9616,380000,"2026-05-24 10:21:52,357",33.9902,0.9207,33.9902,390000,0.9212,345000,45.825,0.2648875,0.0542625,0.625375,5.9384999999999994,0.040174999999999995,0.008525000000000001,8,49.4910875,0.3025625,0.059199999999999996,0.6048375000000001,5.9384999999999994,0.040737499999999996,0.0101125,8,train_train_CATANet_x2_scratch_20260524_005918.log,train_train_CATANet_x2_scratch_20260524_005918.log,train_train_CATANet_x2_scratch_20260524_005918.log
392500,"2026-05-24 10:43:06,914",307,0.0001,1e-05,0.012637,5.7666e-07,0.527,0.001,"2026-05-24 10:44:04,861",38.2484,0.9616,38.2484,392500,0.9616,392500,"2026-05-24 10:44:24,527",34.027,0.9211,34.0270,392500,0.9212,345000,46.65,0.2699375,0.054162499999999995,0.6277,5.939000000000001,0.03995,0.008087500000000001,8,50.1696375,0.2962375,0.057625,0.6144749999999999,5.939000000000001,0.04058749999999999,0.009899999999999999,8,train_train_CATANet_x2_scratch_20260524_005918.log,train_train_CATANet_x2_scratch_20260524_005918.log,train_train_CATANet_x2_scratch_20260524_005918.log
395000,"2026-05-24 11:06:34,610",309,0.0001,1e-05,0.0089842,4.6133e-07,0.529,0.002,"2026-05-24 11:06:39,831",38.1963,0.9614,38.2484,392500,0.9616,392500,"2026-05-24 11:06:59,254",33.952,0.9206,34.0270,392500,0.9212,345000,46.125,0.2754625,0.0561125,0.6197249999999999,5.939575,0.0396625,0.007887499999999999,8,50.285725,0.30110000000000003,0.0582125,0.6095125,5.939575,0.0403,0.0095,8,train_train_CATANet_x2_scratch_20260524_005918.log,train_train_CATANet_x2_scratch_20260524_005918.log,train_train_CATANet_x2_scratch_20260524_005918.log
397500,"2026-05-24 11:28:15,806",311,0.0001,1e-05,0.012901,5.2707e-07,0.527,0.001,"2026-05-24 11:29:13,432",38.2132,0.9616,38.2484,392500,0.9616,397500,"2026-05-24 11:29:32,838",33.9503,0.9209,34.0270,392500,0.9212,345000,46.525000000000006,0.262375,0.05425,0.628825,5.9393375,0.0396375,0.0078875,8,50.874987499999996,0.29203750000000006,0.056912500000000005,0.620475,5.9393375,0.0401875,0.0095,8,train_train_CATANet_x2_scratch_20260524_005918.log,train_train_CATANet_x2_scratch_20260524_005918.log,train_train_CATANet_x2_scratch_20260524_005918.log
400000,"2026-05-24 11:51:41,187",313,0.0001,1e-05,0.011483,6.4149e-07,0.531,0.002,"2026-05-24 11:51:46,906",38.2424,0.9615,38.2484,392500,0.9616,397500,"2026-05-24 11:52:25,893",33.965,0.9207,34.0270,392500,0.9212,345000,46.025,0.2776625,0.055662500000000004,0.62155,5.9391125,0.039987499999999995,0.008462500000000001,8,49.839287500000005,0.2973625,0.057687499999999996,0.6108125,5.9391125,0.040825,0.0103625,8,train_train_CATANet_x2_scratch_20260524_005918.log,train_train_CATANet_x2_scratch_20260524_005918.log,train_train_CATANet_x2_scratch_20260524_005918.log
402500,"2026-05-24 12:18:14,019",314,1.000e-04,1.000e-05,1.1891e-02,4.9734e-07,0.529,0.001,"2026-05-24 12:19:15,509",38.2456,0.9615,38.2456,402500,0.9615,402500,"2026-05-24 12:19:42,514",33.9738,0.9210,33.9738,402500,0.9210,402500,46.175,0.26716249999999997,0.05445,0.625425,5.9393125,0.039912500000000004,0.008175,8,49.73215,0.2931375,0.057225,0.619325,5.9393125,0.0405375,0.0097125,8,train_train_CATANet_x2_scratch_20260524_115647.log,train_train_CATANet_x2_scratch_20260524_115647.log,train_train_CATANet_x2_scratch_20260524_115647.log
405000,"2026-05-24 12:41:48,650",316,1.000e-04,1.000e-05,1.3829e-02,6.2684e-07,0.529,0.002,"2026-05-24 12:41:53,961",38.2119,0.9615,38.2456,402500,0.9615,402500,"2026-05-24 12:42:13,339",33.9118,0.9208,33.9738,402500,0.9210,402500,45.975,0.268775,0.055925,0.6161125000000001,5.9400125,0.0401875,0.008262499999999999,8,49.7857125,0.3113125,0.0593625,0.6034125,5.9400125,0.040975,0.010275,8,train_train_CATANet_x2_scratch_20260524_115647.log,train_train_CATANet_x2_scratch_20260524_115647.log,train_train_CATANet_x2_scratch_20260524_115647.log
407500,"2026-05-24 13:03:26,134",318,1.000e-04,1.000e-05,1.4532e-02,8.3694e-07,0.526,0.001,"2026-05-24 13:04:24,109",38.2368,0.9615,38.2456,402500,0.9615,402500,"2026-05-24 13:04:43,225",33.9583,0.9210,33.9738,402500,0.9210,402500,46.1,0.272475,0.054675,0.6264375,5.9400875,0.039825,0.007850000000000001,8,50.1517875,0.2975125,0.0577375,0.6122,5.9400875,0.0403125,0.009525,8,train_train_CATANet_x2_scratch_20260524_115647.log,train_train_CATANet_x2_scratch_20260524_115647.log,train_train_CATANet_x2_scratch_20260524_115647.log
410000,"2026-05-24 13:26:51,349",320,1.000e-04,1.000e-05,1.2693e-02,6.6120e-07,0.530,0.002,"2026-05-24 13:26:56,360",38.2327,0.9615,38.2456,402500,0.9615,402500,"2026-05-24 13:27:16,236",34.0046,0.9210,34.0046,410000,0.9210,410000,45.2,0.2617625,0.0537625,0.6270625,5.9396375,0.0399625,0.008,8,49.625,0.30845,0.059375,0.605225,5.9396375,0.0406875,0.009675,8,train_train_CATANet_x2_scratch_20260524_115647.log,train_train_CATANet_x2_scratch_20260524_115647.log,train_train_CATANet_x2_scratch_20260524_115647.log
412500,"2026-05-24 13:48:34,662",322,1.000e-04,1.000e-05,1.4929e-02,7.8809e-07,0.529,0.001,"2026-05-24 13:49:32,567",38.2276,0.9615,38.2456,402500,0.9615,412500,"2026-05-24 13:49:52,775",33.9332,0.9210,34.0046,410000,0.9210,410000,45.15,0.2614125,0.0532,0.632675,5.9400125,0.039537499999999996,0.007899999999999999,8,49.6696375,0.29657500000000003,0.0575875,0.614625,5.9400125,0.040100000000000004,0.009474999999999999,8,train_train_CATANet_x2_scratch_20260524_115647.log,train_train_CATANet_x2_scratch_20260524_115647.log,train_train_CATANet_x2_scratch_20260524_115647.log
415000,"2026-05-24 14:12:06,399",324,1.000e-04,1.000e-05,9.5352e-03,4.1274e-07,0.530,0.002,"2026-05-24 14:12:11,645",38.2433,0.9615,38.2456,402500,0.9615,412500,"2026-05-24 14:12:32,367",33.9594,0.9209,34.0046,410000,0.9210,410000,45.25,0.286175,0.0566375,0.6142875,5.939725,0.040125,0.0084125,8,49.633925,0.3077375,0.0586125,0.60605,5.939725,0.040725,0.0100375,8,train_train_CATANet_x2_scratch_20260524_115647.log,train_train_CATANet_x2_scratch_20260524_115647.log,train_train_CATANet_x2_scratch_20260524_115647.log
417500,"2026-05-24 14:33:53,896",326,1.000e-04,1.000e-05,1.2037e-02,4.3855e-07,0.531,0.001,"2026-05-24 14:34:52,673",38.2446,0.9616,38.2456,402500,0.9616,417500,"2026-05-24 14:35:12,413",33.9390,0.9208,34.0046,410000,0.9210,410000,46.925,0.262975,0.054175,0.6322875,5.939975,0.0398625,0.0079875,8,50.8035625,0.2963375,0.0576125,0.6194375,5.939975,0.0404625,0.009575,8,train_train_CATANet_x2_scratch_20260524_115647.log,train_train_CATANet_x2_scratch_20260524_115647.log,train_train_CATANet_x2_scratch_20260524_115647.log
420000,"2026-05-24 14:57:26,917",328,1.000e-04,1.000e-05,1.2955e-02,5.6466e-07,0.533,0.002,"2026-05-24 14:57:32,260",38.2298,0.9615,38.2456,402500,0.9616,417500,"2026-05-24 14:57:51,975",33.9739,0.9206,34.0046,410000,0.9210,410000,46.525,0.2635,0.054125,0.6314375,5.940125,0.0399875,0.0082625,8,50.2946625,0.293925,0.057325,0.6200875,5.940125,0.0406125,0.0100125,8,train_train_CATANet_x2_scratch_20260524_115647.log,train_train_CATANet_x2_scratch_20260524_115647.log,train_train_CATANet_x2_scratch_20260524_115647.log
422500,"2026-05-24 15:19:15,757",330,1.000e-04,1.000e-05,8.0319e-03,4.5830e-07,0.540,0.001,"2026-05-24 15:20:15,239",38.2502,0.9615,38.2502,422500,0.9616,417500,"2026-05-24 15:20:37,874",33.9737,0.9208,34.0046,410000,0.9210,410000,46.525,0.2762375,0.055325,0.6185625,5.9400875,0.0398625,0.00805,8,50.0089125,0.3087625,0.058575,0.6022,5.9400875,0.0403875,0.009587499999999999,8,train_train_CATANet_x2_scratch_20260524_115647.log,train_train_CATANet_x2_scratch_20260524_115647.log,train_train_CATANet_x2_scratch_20260524_115647.log
425000,"2026-05-24 15:43:01,177",332,1.000e-04,1.000e-05,1.3784e-02,5.4054e-07,0.533,0.003,"2026-05-24 15:43:06,593",38.2199,0.9615,38.2502,422500,0.9616,417500,"2026-05-24 15:43:28,050",33.9269,0.9205,34.0046,410000,0.9210,410000,46.15,0.2631875,0.05475,0.6240125,5.94055,0.0401125,0.0083125,8,50.401775,0.3046125,0.0592625,0.6055625,5.94055,0.0408,0.009875,8,train_train_CATANet_x2_scratch_20260524_115647.log,train_train_CATANet_x2_scratch_20260524_115647.log,train_train_CATANet_x2_scratch_20260524_115647.log
427500,"2026-05-24 16:04:57,666",334,1.000e-04,1.000e-05,1.3442e-02,4.9394e-07,0.533,0.001,"2026-05-24 16:05:56,484",38.2381,0.9616,38.2502,422500,0.9616,427500,"2026-05-24 16:06:17,426",33.9193,0.9207,34.0046,410000,0.9210,410000,46.325,0.27615,0.0550125,0.6294875,5.9407125,0.040275,0.008437499999999999,8,50.5268,0.3000625,0.0580625,0.61495,5.9407125,0.0409125,0.0100625,8,train_train_CATANet_x2_scratch_20260524_115647.log,train_train_CATANet_x2_scratch_20260524_115647.log,train_train_CATANet_x2_scratch_20260524_115647.log
430000,"2026-05-24 16:28:42,660",336,1.000e-04,1.000e-05,1.1173e-02,4.3706e-07,0.542,0.004,"2026-05-24 16:28:48,190",38.2446,0.9615,38.2502,422500,0.9616,427500,"2026-05-24 16:29:09,645",33.9190,0.9205,34.0046,410000,0.9210,410000,46.075,0.2626625,0.0538375,0.6296875,5.9411000000000005,0.04005,0.0083625,8,50.5089375,0.30285,0.05805,0.61295,5.9411000000000005,0.04055,0.00975,8,train_train_CATANet_x2_scratch_20260524_115647.log,train_train_CATANet_x2_scratch_20260524_115647.log,train_train_CATANet_x2_scratch_20260524_115647.log
432500,"2026-05-24 16:50:39,568",338,1.000e-04,1.000e-05,1.3383e-02,4.0997e-07,0.532,0.001,"2026-05-24 16:51:38,372",38.2260,0.9614,38.2502,422500,0.9616,427500,"2026-05-24 16:51:59,507",33.9640,0.9207,34.0046,410000,0.9210,410000,47.275,0.262475,0.053837499999999996,0.6310625,5.941725,0.039825,0.0079875,8,50.3660875,0.30295,0.0578,0.6159625,5.941725,0.040625,0.009575,8,train_train_CATANet_x2_scratch_20260524_115647.log,train_train_CATANet_x2_scratch_20260524_115647.log,train_train_CATANet_x2_scratch_20260524_115647.log
435000,"2026-05-24 17:14:21,036",340,1.000e-04,1.000e-05,1.5976e-02,4.3335e-07,0.535,0.009,"2026-05-24 17:14:26,184",38.2383,0.9615,38.2502,422500,0.9616,427500,"2026-05-24 17:14:47,127",33.9336,0.9206,34.0046,410000,0.9210,410000,45.95,0.2521875,0.053175,0.63035,5.9415125,0.0396625,0.007825,8,50.0625,0.296325,0.057575,0.6121625,5.9415125,0.0402625,0.0095875,8,train_train_CATANet_x2_scratch_20260524_115647.log,train_train_CATANet_x2_scratch_20260524_115647.log,train_train_CATANet_x2_scratch_20260524_115647.log
437500,"2026-05-24 17:36:16,886",342,1.000e-04,1.000e-05,1.5085e-02,7.8284e-07,0.529,0.001,"2026-05-24 17:37:15,622",38.2225,0.9615,38.2502,422500,0.9616,427500,"2026-05-24 17:37:36,547",33.9401,0.9206,34.0046,410000,0.9210,410000,44.775,0.270025,0.054599999999999996,0.6228375,5.9417,0.0396125,0.0078125,8,49.0178625,0.2972125,0.0571625,0.6133,5.9417,0.040325,0.009725000000000001,8,train_train_CATANet_x2_scratch_20260524_115647.log,train_train_CATANet_x2_scratch_20260524_115647.log,train_train_CATANet_x2_scratch_20260524_115647.log
440000,"2026-05-24 18:00:02,324",344,1.000e-04,1.000e-05,1.2638e-02,5.2386e-07,0.709,0.194,"2026-05-24 18:00:07,813",38.2265,0.9615,38.2502,422500,0.9616,427500,"2026-05-24 18:00:28,731",33.9369,0.9207,34.0046,410000,0.9210,410000,46.475,0.256475,0.05315,0.6320875,5.9422375,0.040125,0.008275000000000001,8,50.258925,0.2997125,0.0576875,0.6139875,5.9422375,0.0408,0.0098,8,train_train_CATANet_x2_scratch_20260524_115647.log,train_train_CATANet_x2_scratch_20260524_115647.log,train_train_CATANet_x2_scratch_20260524_115647.log
442500,"2026-05-24 18:21:56,446",346,1.000e-04,1.000e-05,1.0673e-02,6.7309e-07,0.532,0.001,"2026-05-24 18:22:55,241",38.2276,0.9615,38.2502,422500,0.9616,427500,"2026-05-24 18:23:15,865",33.9394,0.9208,34.0046,410000,0.9210,410000,45.2,0.2601,0.05385,0.6335125,5.9420625,0.0394625,0.0074125,8,49.428575,0.2903125,0.056175,0.6229875,5.9420625,0.04015,0.0094,8,train_train_CATANet_x2_scratch_20260524_115647.log,train_train_CATANet_x2_scratch_20260524_115647.log,train_train_CATANet_x2_scratch_20260524_115647.log
445000,"2026-05-24 18:45:37,064",348,1.000e-04,1.000e-05,1.0255e-02,4.0951e-07,0.531,0.002,"2026-05-24 18:45:42,291",38.2525,0.9615,38.2525,445000,0.9616,427500,"2026-05-24 18:46:03,063",33.9612,0.9208,34.0046,410000,0.9210,410000,45.875,0.255775,0.052700000000000004,0.637725,5.9424624999999995,0.0398875,0.0077875,8,50.33035,0.2913,0.0568,0.620625,5.9424624999999995,0.0406125,0.0097375,8,train_train_CATANet_x2_scratch_20260524_115647.log,train_train_CATANet_x2_scratch_20260524_115647.log,train_train_CATANet_x2_scratch_20260524_115647.log
447500,"2026-05-24 19:07:27,238",350,1.000e-04,1.000e-05,1.2768e-02,5.9191e-07,0.533,0.001,"2026-05-24 19:08:25,897",38.2235,0.9616,38.2525,445000,0.9616,447500,"2026-05-24 19:08:47,395",33.9198,0.9208,34.0046,410000,0.9210,410000,44.525,0.2659625,0.05425,0.6295125,5.9426250000000005,0.0394875,0.007625,8,49.3750125,0.295925,0.0569875,0.61665,5.9426250000000005,0.0401375,0.00955,8,train_train_CATANet_x2_scratch_20260524_115647.log,train_train_CATANet_x2_scratch_20260524_115647.log,train_train_CATANet_x2_scratch_20260524_115647.log
450000,"2026-05-24 19:31:00,781",352,1.000e-04,1.000e-05,1.4138e-02,6.6143e-07,0.530,0.002,"2026-05-24 19:31:06,560",38.2045,0.9614,38.2525,445000,0.9616,447500,"2026-05-24 19:31:26,823",33.9521,0.9206,34.0046,410000,0.9210,410000,46.1,0.27185,0.0548,0.6271375,5.9426875,0.039912500000000004,0.008325,8,49.9107125,0.309775,0.05935,0.6079875,5.9426875,0.0407125,0.009825,8,train_train_CATANet_x2_scratch_20260524_115647.log,train_train_CATANet_x2_scratch_20260524_115647.log,train_train_CATANet_x2_scratch_20260524_115647.log
452500,"2026-05-24 19:52:45,669",354,1.000e-04,1.000e-05,1.0917e-02,5.7371e-07,0.528,0.001,"2026-05-24 19:53:43,974",38.2320,0.9615,38.2525,445000,0.9616,447500,"2026-05-24 19:54:03,816",33.9432,0.9204,34.0046,410000,0.9210,410000,46.225,0.2581,0.0533875,0.635575,5.9431125,0.039912500000000004,0.0080875,8,50.20535,0.2886625,0.05645,0.6258625,5.9431125,0.0405375,0.009587499999999999,8,train_train_CATANet_x2_scratch_20260524_115647.log,train_train_CATANet_x2_scratch_20260524_115647.log,train_train_CATANet_x2_scratch_20260524_115647.log
455000,"2026-05-24 20:16:15,220",356,1.000e-04,1.000e-05,1.1144e-02,6.7493e-07,0.530,0.002,"2026-05-24 20:16:19,961",38.2491,0.9615,38.2525,445000,0.9616,447500,"2026-05-24 20:16:40,584",33.9651,0.9208,34.0046,410000,0.9210,410000,46.2,0.2625,0.0533375,0.6371625,5.9436,0.0399,0.008,8,49.7767875,0.29865,0.057325,0.6216125,5.9436,0.0406375,0.0099125,8,train_train_CATANet_x2_scratch_20260524_115647.log,train_train_CATANet_x2_scratch_20260524_115647.log,train_train_CATANet_x2_scratch_20260524_115647.log
457500,"2026-05-24 20:37:59,426",358,1.000e-04,1.000e-05,1.2958e-02,4.8472e-07,0.529,0.001,"2026-05-24 20:38:57,488",38.2427,0.9616,38.2525,445000,0.9616,447500,"2026-05-24 20:39:17,408",33.9927,0.9207,34.0046,410000,0.9210,410000,45.6,0.2653625,0.0533625,0.637225,5.9438625,0.0400625,0.008325,8,50.2321625,0.2907125,0.0564875,0.623775,5.9438625,0.040674999999999996,0.0097625,8,train_train_CATANet_x2_scratch_20260524_115647.log,train_train_CATANet_x2_scratch_20260524_115647.log,train_train_CATANet_x2_scratch_20260524_115647.log
460000,"2026-05-24 21:01:35,701",360,1.000e-04,1.000e-05,1.3153e-02,5.2601e-07,0.533,0.002,"2026-05-24 21:01:40,926",38.2367,0.9615,38.2525,445000,0.9616,447500,"2026-05-24 21:02:00,297",33.9260,0.9207,34.0046,410000,0.9210,410000,46.675,0.2588625,0.052575000000000004,0.6372625000000001,5.9440375,0.040125,0.0082625,8,50.3750125,0.2887,0.0563625,0.6257375000000001,5.9440375,0.0407375,0.00975,8,train_train_CATANet_x2_scratch_20260524_115647.log,train_train_CATANet_x2_scratch_20260524_115647.log,train_train_CATANet_x2_scratch_20260524_115647.log
462500,"2026-05-24 21:23:21,076",362,1.000e-04,1.000e-05,1.5130e-02,7.0220e-07,0.528,0.001,"2026-05-24 21:24:19,005",38.2221,0.9616,38.2525,445000,0.9616,447500,"2026-05-24 21:24:38,359",33.9705,0.9210,34.0046,410000,0.9210,410000,45.550000000000004,0.2619125,0.053375,0.631875,5.943825,0.040025,0.0082125,8,49.839275,0.30055,0.0575125,0.615125,5.943825,0.040537500000000004,0.00975,8,train_train_CATANet_x2_scratch_20260524_115647.log,train_train_CATANet_x2_scratch_20260524_115647.log,train_train_CATANet_x2_scratch_20260524_115647.log
465000,"2026-05-24 21:46:51,281",364,1.000e-04,1.000e-05,1.0491e-02,3.9199e-07,0.531,0.003,"2026-05-24 21:46:56,611",38.2447,0.9615,38.2525,445000,0.9616,447500,"2026-05-24 21:47:15,839",33.9504,0.9211,34.0046,410000,0.9211,465000,46.65,0.2450125,0.051337499999999994,0.6458375,5.9442375,0.039775,0.0080125,8,50.6339125,0.300225,0.0568875,0.6216,5.9442375,0.04065,0.0100125,8,train_train_CATANet_x2_scratch_20260524_115647.log,train_train_CATANet_x2_scratch_20260524_115647.log,train_train_CATANet_x2_scratch_20260524_115647.log
467500,"2026-05-24 22:08:34,110",366,1.000e-04,1.000e-05,1.1557e-02,5.2016e-07,0.528,0.001,"2026-05-24 22:09:32,679",38.2448,0.9616,38.2525,445000,0.9616,447500,"2026-05-24 22:09:52,261",33.9311,0.9210,34.0046,410000,0.9211,465000,47.075,0.26134999999999997,0.053387500000000004,0.63635,5.9442375,0.039875,0.007962499999999999,8,50.5803625,0.2906875,0.0562625,0.6281125,5.9442375,0.040424999999999996,0.009525,8,train_train_CATANet_x2_scratch_20260524_115647.log,train_train_CATANet_x2_scratch_20260524_115647.log,train_train_CATANet_x2_scratch_20260524_115647.log
470000,"2026-05-24 22:32:04,109",368,1.000e-04,1.000e-05,1.3178e-02,6.9099e-07,0.531,0.004,"2026-05-24 22:32:09,106",38.2420,0.9616,38.2525,445000,0.9616,470000,"2026-05-24 22:32:29,362",33.9560,0.9209,34.0046,410000,0.9211,465000,45.575,0.265275,0.053587499999999996,0.6288125,5.944875,0.0403125,0.00865,8,49.321425,0.288475,0.056325,0.620075,5.944875,0.040875,0.010025000000000001,8,train_train_CATANet_x2_scratch_20260524_115647.log,train_train_CATANet_x2_scratch_20260524_115647.log,train_train_CATANet_x2_scratch_20260524_115647.log
472500,"2026-05-24 22:53:49,352",370,1.000e-04,1.000e-05,1.2238e-02,5.3607e-07,0.534,0.001,"2026-05-24 22:54:47,401",38.2368,0.9615,38.2525,445000,0.9616,470000,"2026-05-24 22:55:07,753",33.9244,0.9205,34.0046,410000,0.9211,465000,46.1,0.2596375,0.052637500000000004,0.6381749999999999,5.945125,0.0395375,0.0077625,8,49.321425,0.2894125,0.0560125,0.6266125,5.945125,0.040162500000000004,0.0095125,8,train_train_CATANet_x2_scratch_20260524_115647.log,train_train_CATANet_x2_scratch_20260524_115647.log,train_train_CATANet_x2_scratch_20260524_115647.log
475000,"2026-05-24 23:17:22,098",372,1.000e-04,1.000e-05,1.2513e-02,5.8073e-07,0.533,0.007,"2026-05-24 23:17:26,999",38.2219,0.9615,38.2525,445000,0.9616,470000,"2026-05-24 23:17:46,534",33.9374,0.9209,34.0046,410000,0.9211,465000,47.775,0.259425,0.0519625,0.647825,5.94545,0.0399,0.0081,8,50.75,0.2907625,0.0560375,0.6320875,5.94545,0.0405375,0.009774999999999999,8,train_train_CATANet_x2_scratch_20260524_115647.log,train_train_CATANet_x2_scratch_20260524_115647.log,train_train_CATANet_x2_scratch_20260524_115647.log
477500,"2026-05-24 23:41:12,860",373,1.000e-04,1.000e-05,1.1895e-02,6.4353e-07,0.531,0.001,"2026-05-24 23:42:15,113",38.2333,0.9615,38.2333,477500,0.9615,477500,"2026-05-24 23:42:40,266",33.9177,0.9206,33.9177,477500,0.9206,477500,47.9,0.2697625,0.0531,0.640075,5.94555,0.0398375,0.008025,8,51.0268,0.287,0.055425,0.6310375,5.94555,0.0404375,0.009625,8,train_train_CATANet_x2_scratch_20260524_231938.log,train_train_CATANet_x2_scratch_20260524_231938.log,train_train_CATANet_x2_scratch_20260524_231938.log
480000,"2026-05-25 00:04:54,178",375,1.000e-04,1.000e-05,1.1992e-02,4.5211e-07,0.531,0.002,"2026-05-25 00:04:59,173",38.2564,0.9615,38.2564,480000,0.9615,480000,"2026-05-25 00:05:19,815",33.9213,0.9203,33.9213,480000,0.9206,477500,45.925,0.281825,0.0551375,0.624425,5.945075,0.0401125,0.0082125,8,50.2857125,0.2930625,0.0567125,0.6222624999999999,5.945075,0.04055,0.0098375,8,train_train_CATANet_x2_scratch_20260524_231938.log,train_train_CATANet_x2_scratch_20260524_231938.log,train_train_CATANet_x2_scratch_20260524_231938.log
482500,"2026-05-25 00:26:39,608",377,1.000e-04,1.000e-05,1.3179e-02,6.2925e-07,0.528,0.001,"2026-05-25 00:27:37,312",38.2263,0.9615,38.2564,480000,0.9615,480000,"2026-05-25 00:27:57,258",33.9442,0.9205,33.9442,482500,0.9206,477500,47.875,0.26134999999999997,0.052575,0.6418874999999999,5.9454875000000005,0.0400125,0.0078875,8,50.4553625,0.2872625,0.0559375,0.626825,5.9454875000000005,0.0405875,0.0095875,8,train_train_CATANet_x2_scratch_20260524_231938.log,train_train_CATANet_x2_scratch_20260524_231938.log,train_train_CATANet_x2_scratch_20260524_231938.log
485000,"2026-05-25 00:50:06,454",379,1.000e-04,1.000e-05,1.1952e-02,5.0097e-07,0.529,0.002,"2026-05-25 00:50:11,309",38.2491,0.9615,38.2564,480000,0.9615,485000,"2026-05-25 00:50:31,282",33.9560,0.9205,33.9560,485000,0.9206,477500,46.2,0.2711875,0.0545875,0.6265499999999999,5.9457125,0.039875,0.0079125,8,49.7053625,0.285275,0.055475,0.623075,5.9457125,0.040350000000000004,0.009625,8,train_train_CATANet_x2_scratch_20260524_231938.log,train_train_CATANet_x2_scratch_20260524_231938.log,train_train_CATANet_x2_scratch_20260524_231938.log
487500,"2026-05-25 01:11:47,467",381,1.000e-04,1.000e-05,1.2620e-02,6.2943e-07,0.528,0.001,"2026-05-25 01:12:44,940",38.2509,0.9615,38.2564,480000,0.9615,485000,"2026-05-25 01:13:04,946",33.9891,0.9209,33.9891,487500,0.9209,487500,46.925000000000004,0.2737,0.0547125,0.62595,5.9457875,0.0399625,0.0079875,8,50.053575,0.29695,0.0577125,0.6127125,5.9457875,0.040674999999999996,0.009925,8,train_train_CATANet_x2_scratch_20260524_231938.log,train_train_CATANet_x2_scratch_20260524_231938.log,train_train_CATANet_x2_scratch_20260524_231938.log
490000,"2026-05-25 01:35:15,906",383,1.000e-04,1.000e-05,1.2119e-02,6.7026e-07,0.530,0.002,"2026-05-25 01:35:20,487",38.2182,0.9615,38.2564,480000,0.9615,485000,"2026-05-25 01:35:41,719",33.9074,0.9198,33.9891,487500,0.9209,487500,46.4,0.26655,0.054337500000000004,0.6259125,5.9462875,0.040275,0.00835,8,50.6160625,0.3015875,0.0579625,0.6104875,5.9462875,0.0410625,0.010074999999999999,8,train_train_CATANet_x2_scratch_20260524_231938.log,train_train_CATANet_x2_scratch_20260524_231938.log,train_train_CATANet_x2_scratch_20260524_231938.log
492500,"2026-05-25 01:57:00,789",385,1.000e-04,1.000e-05,1.1620e-02,5.6126e-07,0.529,0.001,"2026-05-25 01:57:59,101",38.2393,0.9616,38.2564,480000,0.9616,492500,"2026-05-25 01:58:20,103",33.9302,0.9209,33.9891,487500,0.9209,487500,46.125,0.2712,0.0542,0.6283125,5.9465625,0.04,0.00825,8,49.687475,0.286275,0.0556875,0.6252375,5.9465625,0.0404625,0.009600000000000001,8,train_train_CATANet_x2_scratch_20260524_231938.log,train_train_CATANet_x2_scratch_20260524_231938.log,train_train_CATANet_x2_scratch_20260524_231938.log
495000,"2026-05-25 02:20:32,472",387,1.000e-04,1.000e-05,1.5696e-02,6.7474e-07,0.530,0.002,"2026-05-25 02:20:37,159",38.2441,0.9615,38.2564,480000,0.9616,492500,"2026-05-25 02:20:56,943",33.9866,0.9209,33.9891,487500,0.9209,495000,45.15,0.2627625,0.0537625,0.6285375,5.94665,0.040275,0.0083,8,49.6518,0.29669999999999996,0.057625,0.6150249999999999,5.94665,0.0409375,0.0097375,8,train_train_CATANet_x2_scratch_20260524_231938.log,train_train_CATANet_x2_scratch_20260524_231938.log,train_train_CATANet_x2_scratch_20260524_231938.log
497500,"2026-05-25 02:42:15,467",389,1.000e-04,1.000e-05,1.1072e-02,6.5669e-07,0.532,0.001,"2026-05-25 02:43:13,230",38.2580,0.9616,38.2580,497500,0.9616,497500,"2026-05-25 02:43:33,597",33.9545,0.9209,33.9891,487500,0.9209,497500,46.65,0.2513875,0.052375,0.640575,5.9465375,0.0398625,0.00795,8,50.5625,0.2898375,0.0564,0.6248,5.9465375,0.04045,0.009712499999999999,8,train_train_CATANet_x2_scratch_20260524_231938.log,train_train_CATANet_x2_scratch_20260524_231938.log,train_train_CATANet_x2_scratch_20260524_231938.log
500000,"2026-05-25 03:05:44,049",391,1.000e-04,1.000e-05,1.0828e-02,5.1600e-07,0.531,0.003,"2026-05-25 03:05:48,391",38.2285,0.9616,38.2580,497500,0.9616,500000,"2026-05-25 03:06:07,803",34.0229,0.9216,34.0229,500000,0.9216,500000,46.2,0.2684375,0.0537125,0.63305,5.94675,0.0400125,0.0083125,8,49.803575,0.297525,0.0574125,0.6157125,5.94675,0.0406,0.009875,8,train_train_CATANet_x2_scratch_20260524_231938.log,train_train_CATANet_x2_scratch_20260524_231938.log,train_train_CATANet_x2_scratch_20260524_231938.log
502500,"2026-05-25 03:27:24,357",393,5.000e-05,5.000e-06,1.1848e-02,5.2092e-07,0.528,0.001,"2026-05-25 03:28:22,464",38.2520,0.9616,38.2580,497500,0.9616,502500,"2026-05-25 03:28:43,425",34.0040,0.9215,34.0229,500000,0.9216,500000,45.85,0.253325,0.051762499999999996,0.641525,5.9469875,0.03995,0.0081875,8,49.75895,0.2824125,0.055125,0.6288875,5.9469875,0.040475,0.009725,8,train_train_CATANet_x2_scratch_20260524_231938.log,train_train_CATANet_x2_scratch_20260524_231938.log,train_train_CATANet_x2_scratch_20260524_231938.log
505000,"2026-05-25 03:50:54,685",395,5.000e-05,5.000e-06,1.3854e-02,6.1927e-07,0.534,0.004,"2026-05-25 03:51:00,120",38.2533,0.9616,38.2580,497500,0.9616,505000,"2026-05-25 03:51:20,187",34.0063,0.9214,34.0229,500000,0.9216,500000,46.625,0.26175,0.052475,0.63685,5.94725,0.0399875,0.008175,8,50.7768,0.285175,0.055675,0.6257125,5.94725,0.040525,0.009925,8,train_train_CATANet_x2_scratch_20260524_231938.log,train_train_CATANet_x2_scratch_20260524_231938.log,train_train_CATANet_x2_scratch_20260524_231938.log
507500,"2026-05-25 04:12:36,940",397,5.000e-05,5.000e-06,1.0139e-02,4.2732e-07,0.528,0.001,"2026-05-25 04:13:34,646",38.2448,0.9616,38.2580,497500,0.9616,505000,"2026-05-25 04:13:54,247",33.9597,0.9209,34.0229,500000,0.9216,500000,46.025,0.2666625,0.0525625,0.6367875000000001,5.94725,0.039912500000000004,0.007962499999999999,8,50.2321375,0.2915,0.0560125,0.6247125,5.94725,0.040412500000000004,0.009475,8,train_train_CATANet_x2_scratch_20260524_231938.log,train_train_CATANet_x2_scratch_20260524_231938.log,train_train_CATANet_x2_scratch_20260524_231938.log
510000,"2026-05-25 04:36:04,163",399,5.000e-05,5.000e-06,1.4398e-02,4.8712e-07,0.533,0.008,"2026-05-25 04:36:08,475",38.2484,0.9615,38.2580,497500,0.9616,505000,"2026-05-25 04:36:28,416",33.9257,0.9209,34.0229,500000,0.9216,500000,46.625,0.277525,0.0548375,0.6299625,5.9473875,0.0400125,0.0080625,8,50.5089125,0.289675,0.0561375,0.628375,5.9473875,0.040475,0.0096125,8,train_train_CATANet_x2_scratch_20260524_231938.log,train_train_CATANet_x2_scratch_20260524_231938.log,train_train_CATANet_x2_scratch_20260524_231938.log
512500,"2026-05-25 04:57:45,233",401,5.000e-05,5.000e-06,1.3081e-02,5.8851e-07,0.528,0.001,"2026-05-25 04:58:42,761",38.2541,0.9616,38.2580,497500,0.9616,505000,"2026-05-25 04:59:02,492",34.0155,0.9214,34.0229,500000,0.9216,500000,46.45,0.2570125,0.0523625,0.641525,5.9475375,0.040037500000000004,0.0081875,8,50.598225,0.279675,0.054975,0.6334,5.9475375,0.040475,0.009575,8,train_train_CATANet_x2_scratch_20260524_231938.log,train_train_CATANet_x2_scratch_20260524_231938.log,train_train_CATANet_x2_scratch_20260524_231938.log
515000,"2026-05-25 05:21:13,134",403,5.000e-05,5.000e-06,1.9693e-02,7.0971e-07,0.716,0.200,"2026-05-25 05:21:17,726",38.2405,0.9616,38.2580,497500,0.9616,505000,"2026-05-25 05:21:37,991",33.9685,0.9211,34.0229,500000,0.9216,500000,47.0,0.2589375,0.0526625,0.63695,5.9474375,0.03995,0.008087500000000001,8,50.4374875,0.2897625,0.055475,0.630275,5.9474375,0.0404125,0.009600000000000001,8,train_train_CATANet_x2_scratch_20260524_231938.log,train_train_CATANet_x2_scratch_20260524_231938.log,train_train_CATANet_x2_scratch_20260524_231938.log
517500,"2026-05-25 05:42:55,351",405,5.000e-05,5.000e-06,1.1882e-02,5.2229e-07,0.527,0.001,"2026-05-25 05:43:53,537",38.2519,0.9616,38.2580,497500,0.9616,517500,"2026-05-25 05:44:13,891",33.9894,0.9212,34.0229,500000,0.9216,500000,46.55,0.2706,0.0533,0.6347625,5.9476375,0.04005,0.0080375,8,49.95535,0.295375,0.0563625,0.6242875,5.9476375,0.040537500000000004,0.00955,8,train_train_CATANet_x2_scratch_20260524_231938.log,train_train_CATANet_x2_scratch_20260524_231938.log,train_train_CATANet_x2_scratch_20260524_231938.log
520000,"2026-05-25 06:06:23,373",407,5.000e-05,5.000e-06,1.2917e-02,5.6000e-07,0.529,0.002,"2026-05-25 06:06:28,946",38.2566,0.9616,38.2580,497500,0.9616,517500,"2026-05-25 06:06:48,314",33.9622,0.9209,34.0229,500000,0.9216,500000,46.4,0.257475,0.0529875,0.6344,5.9477625,0.04,0.0082625,8,49.98215,0.28628750000000003,0.055725000000000004,0.6264125,5.9477625,0.040475,0.009625,8,train_train_CATANet_x2_scratch_20260524_231938.log,train_train_CATANet_x2_scratch_20260524_231938.log,train_train_CATANet_x2_scratch_20260524_231938.log
522500,"2026-05-25 06:28:05,097",409,5.000e-05,5.000e-06,1.2384e-02,5.2813e-07,0.529,0.001,"2026-05-25 06:29:02,906",38.2555,0.9616,38.2580,497500,0.9616,517500,"2026-05-25 06:29:22,857",33.9689,0.9210,34.0229,500000,0.9216,500000,47.9,0.2697625,0.05375,0.6347375,5.9479375,0.0399875,0.008075,8,51.08035,0.2946625,0.056112499999999996,0.62595,5.9479375,0.04045,0.0095125,8,train_train_CATANet_x2_scratch_20260524_231938.log,train_train_CATANet_x2_scratch_20260524_231938.log,train_train_CATANet_x2_scratch_20260524_231938.log
525000,"2026-05-25 06:51:32,064",411,5.000e-05,5.000e-06,1.4053e-02,4.9801e-07,0.529,0.002,"2026-05-25 06:51:36,713",38.2569,0.9616,38.2580,497500,0.9616,517500,"2026-05-25 06:51:56,339",33.9686,0.9209,34.0229,500000,0.9216,500000,46.3,0.253625,0.052262499999999996,0.6401,5.947925,0.039912500000000004,0.0079625,8,50.4107125,0.2712875,0.053425,0.6397125,5.947925,0.0403875,0.0094375,8,train_train_CATANet_x2_scratch_20260524_231938.log,train_train_CATANet_x2_scratch_20260524_231938.log,train_train_CATANet_x2_scratch_20260524_231938.log
527500,"2026-05-25 07:13:14,518",413,5.000e-05,5.000e-06,1.1523e-02,6.2532e-07,0.530,0.001,"2026-05-25 07:14:12,332",38.2606,0.9616,38.2606,527500,0.9616,517500,"2026-05-25 07:14:32,747",34.0286,0.9214,34.0286,527500,0.9216,500000,46.5,0.2669625,0.05375,0.6306375,5.9482,0.0402125,0.008275,8,49.6875125,0.2959875,0.056925,0.62055,5.9482,0.040862499999999996,0.010012499999999999,8,train_train_CATANet_x2_scratch_20260524_231938.log,train_train_CATANet_x2_scratch_20260524_231938.log,train_train_CATANet_x2_scratch_20260524_231938.log
530000,"2026-05-25 07:36:41,978",415,5.000e-05,5.000e-06,1.4193e-02,6.6984e-07,0.529,0.002,"2026-05-25 07:36:46,666",38.2649,0.9616,38.2649,530000,0.9616,517500,"2026-05-25 07:37:06,760",33.9719,0.9210,34.0286,527500,0.9216,500000,46.325,0.2608875,0.053425,0.6329375,5.9483250000000005,0.039975000000000004,0.0082,8,50.2053625,0.2840375,0.055287499999999996,0.6289,5.9483250000000005,0.040537500000000004,0.009625,8,train_train_CATANet_x2_scratch_20260524_231938.log,train_train_CATANet_x2_scratch_20260524_231938.log,train_train_CATANet_x2_scratch_20260524_231938.log
532500,"2026-05-25 07:58:20,352",417,5.000e-05,5.000e-06,1.0872e-02,4.7144e-07,0.526,0.001,"2026-05-25 07:59:18,024",38.2629,0.9616,38.2649,530000,0.9616,517500,"2026-05-25 07:59:38,251",33.9974,0.9211,34.0286,527500,0.9216,500000,46.075,0.2664625,0.054,0.6309125,5.9484375,0.0399875,0.00805,8,49.9196375,0.2934875,0.0568125,0.6216625,5.9484375,0.0406375,0.0096875,8,train_train_CATANet_x2_scratch_20260524_231938.log,train_train_CATANet_x2_scratch_20260524_231938.log,train_train_CATANet_x2_scratch_20260524_231938.log
535000,"2026-05-25 08:21:46,071",419,5.000e-05,5.000e-06,1.7407e-02,7.4488e-07,0.530,0.002,"2026-05-25 08:21:50,876",38.2465,0.9615,38.2649,530000,0.9616,517500,"2026-05-25 08:22:11,179",34.0101,0.9212,34.0286,527500,0.9216,500000,45.65,0.272975,0.0549125,0.62435,5.94875,0.0401375,0.008225,8,50.0000125,0.29417499999999996,0.0572375,0.6199375,5.94875,0.0407375,0.009825,8,train_train_CATANet_x2_scratch_20260524_231938.log,train_train_CATANet_x2_scratch_20260524_231938.log,train_train_CATANet_x2_scratch_20260524_231938.log
537500,"2026-05-25 08:43:28,066",421,5.000e-05,5.000e-06,1.1535e-02,5.5859e-07,0.528,0.001,"2026-05-25 08:44:25,931",38.2560,0.9616,38.2649,530000,0.9616,517500,"2026-05-25 08:44:46,675",33.9633,0.9207,34.0286,527500,0.9216,500000,46.825,0.272775,0.054625,0.6283,5.9488625,0.0400125,0.0082125,8,50.7143,0.28325,0.0555375,0.6307375,5.9488625,0.0405,0.0096125,8,train_train_CATANet_x2_scratch_20260524_231938.log,train_train_CATANet_x2_scratch_20260524_231938.log,train_train_CATANet_x2_scratch_20260524_231938.log
540000,"2026-05-25 09:06:56,984",423,5.000e-05,5.000e-06,1.2397e-02,5.9335e-07,0.530,0.003,"2026-05-25 09:07:02,288",38.2562,0.9616,38.2649,530000,0.9616,517500,"2026-05-25 09:07:22,447",33.9804,0.9208,34.0286,527500,0.9216,500000,46.375,0.2728125,0.054287499999999995,0.6295,5.9487875,0.040125,0.00835,8,50.1249875,0.2911625,0.056175,0.623925,5.9487875,0.040675,0.00975,8,train_train_CATANet_x2_scratch_20260524_231938.log,train_train_CATANet_x2_scratch_20260524_231938.log,train_train_CATANet_x2_scratch_20260524_231938.log
542500,"2026-05-25 09:28:51,691",425,5.000e-05,5.000e-06,1.4539e-02,5.8225e-07,0.532,0.001,"2026-05-25 09:29:50,860",38.2574,0.9615,38.2649,530000,0.9616,517500,"2026-05-25 09:30:12,066",33.9409,0.9208,34.0286,527500,0.9216,500000,47.475,0.2704875,0.0538375,0.63295,5.948875,0.03975,0.007787499999999999,8,50.8660875,0.278875,0.05495,0.63025,5.948875,0.0402125,0.0093,8,train_train_CATANet_x2_scratch_20260524_231938.log,train_train_CATANet_x2_scratch_20260524_231938.log,train_train_CATANet_x2_scratch_20260524_231938.log
545000,"2026-05-25 09:52:34,973",427,5.000e-05,5.000e-06,1.5514e-02,6.4161e-07,0.535,0.004,"2026-05-25 09:52:40,598",38.2620,0.9616,38.2649,530000,0.9616,517500,"2026-05-25 09:53:02,822",33.9840,0.9207,34.0286,527500,0.9216,500000,46.55,0.272825,0.0547875,0.6274875,5.949225,0.04,0.0081875,8,49.76785,0.289425,0.056424999999999996,0.6232375,5.949225,0.040525,0.009649999999999999,8,train_train_CATANet_x2_scratch_20260524_231938.log,train_train_CATANet_x2_scratch_20260524_231938.log,train_train_CATANet_x2_scratch_20260524_231938.log
547500,"2026-05-25 10:14:30,586",429,5.000e-05,5.000e-06,1.2364e-02,4.4709e-07,0.529,0.001,"2026-05-25 10:15:29,164",38.2581,0.9616,38.2649,530000,0.9616,547500,"2026-05-25 10:15:50,449",34.0079,0.9211,34.0286,527500,0.9216,500000,46.55,0.26595,0.0536125,0.6368375,5.94925,0.040125,0.008225,8,50.187525,0.289325,0.0564625,0.6235375,5.94925,0.040725,0.009850000000000001,8,train_train_CATANet_x2_scratch_20260524_231938.log,train_train_CATANet_x2_scratch_20260524_231938.log,train_train_CATANet_x2_scratch_20260524_231938.log
550000,"2026-05-25 10:38:11,487",431,5.000e-05,5.000e-06,1.4864e-02,8.3455e-07,0.537,0.007,"2026-05-25 10:38:18,573",38.2582,0.9616,38.2649,530000,0.9616,547500,"2026-05-25 10:39:04,760",33.9606,0.9207,34.0286,527500,0.9216,500000,46.375,0.2685625,0.054375,0.6285625,5.94975,0.04005,0.0081125,8,49.5892875,0.2761,0.055125,0.6295,5.94975,0.0404875,0.0094375,8,train_train_CATANet_x2_scratch_20260524_231938.log,train_train_CATANet_x2_scratch_20260524_231938.log,train_train_CATANet_x2_scratch_20260524_231938.log
552500,"2026-05-31 12:57:11,802",432,5.000e-05,5.000e-06,1.2643e-02,5.1834e-07,0.522,0.001,"2026-05-31 12:58:12,730",38.2536,0.9616,38.2536,552500,0.9616,552500,"2026-05-31 12:58:39,091",33.942,0.9208,33.942,552500,0.9208,552500,46.550000000000004,0.28565,0.0554,0.621025,5.9498999999999995,0.0400125,0.008175,8,49.56251249999999,0.2888,0.05581250000000001,0.6246125,5.9498999999999995,0.040549999999999996,0.009649999999999999,8,train_train_CATANet_x2_scratch_20260531_123601.log,train_train_CATANet_x2_scratch_20260531_123601.log,train_train_CATANet_x2_scratch_20260531_123601.log
555000,"2026-05-31 13:20:28,850",434,5.000e-05,5.000e-06,1.1851e-02,4.5438e-07,0.523,0.002,"2026-05-31 13:20:34,181",38.2627,0.9616,38.2627,555000,0.9616,555000,"2026-05-31 13:20:55,044",33.9752,0.9207,33.9752,555000,0.9208,552500,45.7,0.2588125,0.053200000000000004,0.6345875000000001,5.949949999999999,0.04001249999999999,0.0081625,8,50.0446625,0.2766,0.054950000000000006,0.633425,5.949949999999999,0.04048749999999999,0.009662500000000001,8,train_train_CATANet_x2_scratch_20260531_123601.log,train_train_CATANet_x2_scratch_20260531_123601.log,train_train_CATANet_x2_scratch_20260531_123601.log
557500,"2026-05-31 13:41:51,711",436,5.000e-05,5.000e-06,1.1435e-02,4.8816e-07,0.520,0.001,"2026-05-31 13:42:48,749",38.2624,0.9616,38.2627,555000,0.9616,555000,"2026-05-31 13:43:09,320",33.985,0.921,33.985,557500,0.921,557500,47.1,0.2594,0.053912499999999995,0.6318875,5.949974999999999,0.04005,0.008062499999999998,8,50.5267875,0.27388749999999995,0.0546625,0.6346125,5.949974999999999,0.04051249999999999,0.009750000000000002,8,train_train_CATANet_x2_scratch_20260531_123601.log,train_train_CATANet_x2_scratch_20260531_123601.log,train_train_CATANet_x2_scratch_20260531_123601.log
560000,"2026-05-31 14:04:58,230",438,5.000e-05,5.000e-06,1.2710e-02,6.0089e-07,0.521,0.002,"2026-05-31 14:05:03,561",38.2601,0.9616,38.2627,555000,0.9616,555000,"2026-05-31 14:05:24,046",33.9566,0.921,33.985,557500,0.921,560000,47.224999999999994,0.271525,0.054424999999999994,0.6297375,5.950212499999999,0.04005,0.0082125,8,50.4642875,0.28102499999999997,0.05506250000000001,0.6306249999999999,5.950212499999999,0.04065,0.009862500000000001,8,train_train_CATANet_x2_scratch_20260531_123601.log,train_train_CATANet_x2_scratch_20260531_123601.log,train_train_CATANet_x2_scratch_20260531_123601.log
562500,"2026-05-31 14:26:22,460",440,5.000e-05,5.000e-06,1.3882e-02,7.0571e-07,0.522,0.001,"2026-05-31 14:27:19,601",38.2586,0.9616,38.2627,555000,0.9616,555000,"2026-05-31 14:27:39,999",33.9835,0.921,33.985,557500,0.921,562500,46.5,0.26945,0.054025,0.631,5.950125000000001,0.0399,0.008037500000000001,8,50.51785,0.2854499999999999,0.055462500000000005,0.629675,5.950125000000001,0.0405875,0.009749999999999998,8,train_train_CATANet_x2_scratch_20260531_123601.log,train_train_CATANet_x2_scratch_20260531_123601.log,train_train_CATANet_x2_scratch_20260531_123601.log
565000,"2026-05-31 14:49:31,435",442,5.000e-05,5.000e-06,1.2385e-02,5.3844e-07,0.522,0.002,"2026-05-31 14:49:36,520",38.2578,0.9616,38.2627,555000,0.9616,565000,"2026-05-31 14:49:57,349",33.9445,0.9207,33.985,557500,0.921,562500,46.349999999999994,0.274725,0.05492500000000001,0.6244999999999999,5.9505125,0.040087500000000005,0.00815,8,50.000012500000004,0.291625,0.0567875,0.6217875,5.9505125,0.0406875,0.00975,8,train_train_CATANet_x2_scratch_20260531_123601.log,train_train_CATANet_x2_scratch_20260531_123601.log,train_train_CATANet_x2_scratch_20260531_123601.log
567500,"2026-05-31 15:10:54,372",444,5.000e-05,5.000e-06,1.3235e-02,6.8508e-07,0.521,0.001,"2026-05-31 15:11:51,490",38.266,0.9616,38.266,567500,0.9616,565000,"2026-05-31 15:12:13,166",33.9834,0.9209,33.985,557500,0.921,562500,46.574999999999996,0.2589125,0.0535875,0.6366125,5.9509375,0.039975,0.00805,8,50.660725,0.2723,0.054849999999999996,0.6359625000000001,5.9509375,0.04047499999999999,0.009675,8,train_train_CATANet_x2_scratch_20260531_123601.log,train_train_CATANet_x2_scratch_20260531_123601.log,train_train_CATANet_x2_scratch_20260531_123601.log
570000,"2026-05-31 15:34:00,669",446,5.000e-05,5.000e-06,1.0529e-02,5.1036e-07,0.520,0.002,"2026-05-31 15:34:05,551",38.2458,0.9616,38.266,567500,0.9616,565000,"2026-05-31 15:34:26,115",33.987,0.921,33.987,570000,0.921,562500,46.675000000000004,0.26905,0.054099999999999995,0.6309499999999999,5.950899999999999,0.0399125,0.0079875,8,50.410712499999995,0.27704999999999996,0.05485,0.6314875,5.950899999999999,0.040425,0.0093375,8,train_train_CATANet_x2_scratch_20260531_123601.log,train_train_CATANet_x2_scratch_20260531_123601.log,train_train_CATANet_x2_scratch_20260531_123601.log
572500,"2026-05-31 15:55:24,403",448,5.000e-05,5.000e-06,1.1900e-02,5.0254e-07,0.519,0.001,"2026-05-31 15:56:21,517",38.2593,0.9616,38.266,567500,0.9616,565000,"2026-05-31 15:56:45,089",33.9576,0.9207,33.987,570000,0.921,562500,46.599999999999994,0.264225,0.054174999999999994,0.6303875,5.951112500000001,0.040087500000000005,0.008137499999999999,8,50.0089375,0.276425,0.055125,0.6289,5.951112500000001,0.0406875,0.00965,8,train_train_CATANet_x2_scratch_20260531_123601.log,train_train_CATANet_x2_scratch_20260531_123601.log,train_train_CATANet_x2_scratch_20260531_123601.log
575000,"2026-05-31 16:18:34,440",450,5.000e-05,5.000e-06,1.3138e-02,4.9690e-07,0.523,0.002,"2026-05-31 16:18:39,307",38.2541,0.9616,38.266,567500,0.9616,575000,"2026-05-31 16:19:01,740",33.9614,0.9207,33.987,570000,0.921,562500,45.425,0.27323749999999997,0.0545875,0.6298,5.9513625,0.0398875,0.008075,8,49.866062500000005,0.28466250000000004,0.0559875,0.6264375,5.9513625,0.040562499999999994,0.009675000000000001,8,train_train_CATANet_x2_scratch_20260531_123601.log,train_train_CATANet_x2_scratch_20260531_123601.log,train_train_CATANet_x2_scratch_20260531_123601.log
577500,"2026-05-31 16:40:01,442",452,5.000e-05,5.000e-06,1.2876e-02,4.3690e-07,0.520,0.001,"2026-05-31 16:40:58,603",38.269,0.9616,38.269,577500,0.9616,575000,"2026-05-31 16:41:19,934",33.945,0.9209,33.987,570000,0.921,562500,46.05,0.266,0.0541125,0.62925,5.951475,0.039962500000000005,0.0080625,8,49.830349999999996,0.2860625,0.055525000000000005,0.628425,5.951475,0.040475000000000004,0.009575,8,train_train_CATANet_x2_scratch_20260531_123601.log,train_train_CATANet_x2_scratch_20260531_123601.log,train_train_CATANet_x2_scratch_20260531_123601.log
580000,"2026-05-31 17:03:10,509",454,5.000e-05,5.000e-06,1.1420e-02,5.3934e-07,0.521,0.003,"2026-05-31 17:03:15,142",38.2482,0.9616,38.269,577500,0.9616,575000,"2026-05-31 17:03:36,030",33.909,0.921,33.987,570000,0.921,562500,46.45,0.2594875,0.0539375,0.632675,5.951525000000001,0.04025,0.00825,8,50.5625,0.27819999999999995,0.055137500000000006,0.63235,5.951525000000001,0.0407,0.0097875,8,train_train_CATANet_x2_scratch_20260531_123601.log,train_train_CATANet_x2_scratch_20260531_123601.log,train_train_CATANet_x2_scratch_20260531_123601.log
582500,"2026-05-31 17:24:31,978",456,5.000e-05,5.000e-06,1.1810e-02,5.5247e-07,0.518,0.001,"2026-05-31 17:25:28,815",38.2516,0.9616,38.269,577500,0.9616,575000,"2026-05-31 17:25:50,185",33.971,0.9207,33.987,570000,0.921,562500,47.275,0.2683,0.0539625,0.6329125,5.951687499999999,0.0400625,0.0081,8,50.598212499999995,0.2869625,0.055737499999999995,0.62935,5.951687499999999,0.040625,0.009587499999999999,8,train_train_CATANet_x2_scratch_20260531_123601.log,train_train_CATANet_x2_scratch_20260531_123601.log,train_train_CATANet_x2_scratch_20260531_123601.log
585000,"2026-05-31 17:47:39,721",458,5.000e-05,5.000e-06,1.1229e-02,4.7650e-07,0.524,0.007,"2026-05-31 17:47:44,587",38.2742,0.9616,38.2742,585000,0.9616,575000,"2026-05-31 17:48:05,786",33.9825,0.921,33.987,570000,0.921,562500,46.974999999999994,0.27085000000000004,0.0544125,0.6331249999999999,5.951862500000001,0.0402,0.008299999999999998,8,50.6517875,0.27695000000000003,0.054637500000000006,0.6358624999999999,5.951862500000001,0.0405875,0.0097625,8,train_train_CATANet_x2_scratch_20260531_123601.log,train_train_CATANet_x2_scratch_20260531_123601.log,train_train_CATANet_x2_scratch_20260531_123601.log
587500,"2026-05-31 18:09:04,310",460,5.000e-05,5.000e-06,1.2013e-02,6.4181e-07,0.520,0.001,"2026-05-31 18:10:01,861",38.2594,0.9616,38.2742,585000,0.9616,575000,"2026-05-31 18:10:22,679",33.9984,0.9211,33.9984,587500,0.9211,587500,46.35,0.2629875,0.053987499999999994,0.6326375000000001,5.952037499999999,0.0399625,0.007987500000000002,8,50.8482,0.2745375,0.054287499999999995,0.6366999999999999,5.952037499999999,0.0404375,0.0095625,8,train_train_CATANet_x2_scratch_20260531_123601.log,train_train_CATANet_x2_scratch_20260531_123601.log,train_train_CATANet_x2_scratch_20260531_123601.log
590000,"2026-05-31 18:32:13,791",462,5.000e-05,5.000e-06,1.3913e-02,6.4226e-07,0.666,0.140,"2026-05-31 18:32:18,750",38.2584,0.9616,38.2742,585000,0.9616,590000,"2026-05-31 18:32:39,539",34.0425,0.9216,34.0425,590000,0.9216,590000,46.65,0.2602375,0.053137500000000004,0.6394375,5.952325,0.04020000000000001,0.0083125,8,50.3482125,0.2673375,0.05397500000000001,0.6396625,5.952325,0.040775,0.00985,8,train_train_CATANet_x2_scratch_20260531_123601.log,train_train_CATANet_x2_scratch_20260531_123601.log,train_train_CATANet_x2_scratch_20260531_123601.log
592500,"2026-05-31 18:53:40,790",464,5.000e-05,5.000e-06,1.2772e-02,5.6043e-07,0.527,0.001,"2026-05-31 18:54:38,390",38.2443,0.9616,38.2742,585000,0.9616,590000,"2026-05-31 18:55:01,952",33.9471,0.9206,34.0425,590000,0.9216,590000,46.400000000000006,0.2644125,0.053849999999999995,0.6368625,5.9525,0.039875,0.007999999999999998,8,50.098225,0.2661,0.05365,0.6394624999999999,5.9525,0.040275,0.009425,8,train_train_CATANet_x2_scratch_20260531_123601.log,train_train_CATANet_x2_scratch_20260531_123601.log,train_train_CATANet_x2_scratch_20260531_123601.log
595000,"2026-05-31 19:16:59,925",466,5.000e-05,5.000e-06,1.3062e-02,4.2526e-07,0.524,0.002,"2026-05-31 19:17:05,201",38.2576,0.9616,38.2742,585000,0.9616,590000,"2026-05-31 19:17:26,644",33.9473,0.9205,34.0425,590000,0.9216,590000,46.825,0.25873750000000006,0.0535,0.636725,5.9525375,0.039925,0.007975000000000001,8,50.1607,0.2760125,0.0548,0.6333375,5.9525375,0.04033749999999999,0.0094125,8,train_train_CATANet_x2_scratch_20260531_123601.log,train_train_CATANet_x2_scratch_20260531_123601.log,train_train_CATANet_x2_scratch_20260531_123601.log
597500,"2026-05-31 19:38:29,782",468,5.000e-05,5.000e-06,1.0534e-02,5.2676e-07,0.521,0.001,"2026-05-31 19:39:26,844",38.2611,0.9616,38.2742,585000,0.9616,590000,"2026-05-31 19:39:47,351",33.9637,0.9209,34.0425,590000,0.9216,590000,46.5,0.264475,0.053087499999999996,0.6344624999999999,5.952725,0.039725,0.007812499999999999,8,50.3839125,0.27909999999999996,0.05485,0.6319375,5.952725,0.0403,0.009337500000000002,8,train_train_CATANet_x2_scratch_20260531_123601.log,train_train_CATANet_x2_scratch_20260531_123601.log,train_train_CATANet_x2_scratch_20260531_123601.log
600000,"2026-05-31 20:01:40,402",470,5.000e-05,5.000e-06,1.3553e-02,7.2497e-07,0.523,0.002,"2026-05-31 20:01:45,277",38.2573,0.9615,38.2742,585000,0.9616,590000,"2026-05-31 20:02:07,053",34.0036,0.9212,34.0425,590000,0.9216,590000,46.05,0.265325,0.053675,0.6307750000000001,5.952775,0.0398125,0.0080125,8,49.633925,0.281825,0.0551375,0.628925,5.952775,0.0403375,0.009449999999999998,8,train_train_CATANet_x2_scratch_20260531_123601.log,train_train_CATANet_x2_scratch_20260531_123601.log,train_train_CATANet_x2_scratch_20260531_123601.log
602500,"2026-05-31 20:23:07,274",472,5.000e-05,5.000e-06,1.3023e-02,4.8148e-07,0.522,0.001,"2026-05-31 20:24:04,699",38.262,0.9616,38.2742,585000,0.9616,590000,"2026-05-31 20:24:25,578",33.9743,0.9207,34.0425,590000,0.9216,590000,46.5,0.2632125,0.053812500000000006,0.6316375,5.9529,0.040012500000000006,0.008199999999999999,8,50.214275,0.2774875,0.055325,0.629225,5.9529,0.0405375,0.009562500000000002,8,train_train_CATANet_x2_scratch_20260531_123601.log,train_train_CATANet_x2_scratch_20260531_123601.log,train_train_CATANet_x2_scratch_20260531_123601.log
605000,"2026-05-31 20:46:20,163",474,5.000e-05,5.000e-06,1.2790e-02,5.5347e-07,0.521,0.002,"2026-05-31 20:46:25,364",38.2685,0.9616,38.2742,585000,0.9616,590000,"2026-05-31 20:46:48,852",33.9666,0.9209,34.0425,590000,0.9216,590000,47.300000000000004,0.2534875,0.0526,0.6391375,5.9531125,0.03985,0.008012499999999999,8,50.285700000000006,0.279625,0.055349999999999996,0.6295875000000001,5.9531125,0.040425,0.009487500000000001,8,train_train_CATANet_x2_scratch_20260531_123601.log,train_train_CATANet_x2_scratch_20260531_123601.log,train_train_CATANet_x2_scratch_20260531_123601.log
607500,"2026-05-31 21:07:50,837",476,5.000e-05,5.000e-06,1.3221e-02,5.5668e-07,0.523,0.001,"2026-05-31 21:08:48,289",38.2603,0.9616,38.2742,585000,0.9616,590000,"2026-05-31 21:09:09,374",34.0262,0.9214,34.0425,590000,0.9216,590000,46.8,0.26656250000000004,0.054262500000000005,0.6325375000000001,5.953225,0.039987499999999995,0.008162500000000001,8,50.64285,0.280725,0.0556125,0.6278250000000001,5.953225,0.0406125,0.009725000000000001,8,train_train_CATANet_x2_scratch_20260531_123601.log,train_train_CATANet_x2_scratch_20260531_123601.log,train_train_CATANet_x2_scratch_20260531_123601.log
610000,"2026-05-31 21:31:03,145",478,5.000e-05,5.000e-06,1.2533e-02,6.8100e-07,0.521,0.002,"2026-05-31 21:31:08,093",38.2503,0.9616,38.2742,585000,0.9616,590000,"2026-05-31 21:31:30,788",34.0006,0.9214,34.0425,590000,0.9216,590000,46.60000000000001,0.2562375,0.0529125,0.6398625,5.95345,0.040025000000000005,0.008174999999999998,8,49.999987499999996,0.2821,0.05530000000000001,0.6309,5.95345,0.040587500000000006,0.0098,8,train_train_CATANet_x2_scratch_20260531_123601.log,train_train_CATANet_x2_scratch_20260531_123601.log,train_train_CATANet_x2_scratch_20260531_123601.log
612500,"2026-05-31 21:52:29,003",480,5.000e-05,5.000e-06,1.3081e-02,5.3907e-07,0.522,0.001,"2026-05-31 21:53:26,184",38.2484,0.9615,38.2742,585000,0.9616,590000,"2026-05-31 21:53:47,817",33.9688,0.9208,34.0425,590000,0.9216,590000,46.6,0.262275,0.0541,0.6332625000000001,5.9535,0.039900000000000005,0.008,8,50.1875,0.28615,0.0552625,0.6303375,5.9535,0.040337500000000005,0.00945,8,train_train_CATANet_x2_scratch_20260531_123601.log,train_train_CATANet_x2_scratch_20260531_123601.log,train_train_CATANet_x2_scratch_20260531_123601.log
615000,"2026-05-31 22:15:37,963",482,5.000e-05,5.000e-06,1.2238e-02,5.8465e-07,0.521,0.003,"2026-05-31 22:15:42,846",38.2623,0.9616,38.2742,585000,0.9616,590000,"2026-05-31 22:16:04,611",33.9834,0.921,34.0425,590000,0.9216,590000,45.975,0.2662875,0.05467500000000001,0.6342125,5.9537125,0.0399,0.008125,8,50.401799999999994,0.2731375,0.0546125,0.6364625,5.9537125,0.0403,0.0094625,8,train_train_CATANet_x2_scratch_20260531_123601.log,train_train_CATANet_x2_scratch_20260531_123601.log,train_train_CATANet_x2_scratch_20260531_123601.log
617500,"2026-05-31 22:37:02,591",484,5.000e-05,5.000e-06,1.3196e-02,6.0091e-07,0.519,0.001,"2026-05-31 22:37:59,564",38.241,0.9616,38.2742,585000,0.9616,590000,"2026-05-31 22:38:20,600",34.0152,0.9213,34.0425,590000,0.9216,590000,46.875,0.2674375,0.0541625,0.6322000000000001,5.9536500000000006,0.0401375,0.00835,8,50.392849999999996,0.272325,0.054525000000000004,0.632625,5.9536500000000006,0.040600000000000004,0.009725000000000001,8,train_train_CATANet_x2_scratch_20260531_123601.log,train_train_CATANet_x2_scratch_20260531_123601.log,train_train_CATANet_x2_scratch_20260531_123601.log
620000,"2026-05-31 23:00:09,852",486,5.000e-05,5.000e-06,1.0913e-02,6.4583e-07,0.524,0.004,"2026-05-31 23:00:14,782",38.2429,0.9616,38.2742,585000,0.9616,590000,"2026-05-31 23:00:35,324",33.9425,0.9213,34.0425,590000,0.9216,590000,47.22500000000001,0.26461250000000003,0.054125,0.6344125,5.953925,0.04,0.008187500000000002,8,50.348212499999995,0.2788875,0.054775000000000004,0.6330875,5.953925,0.040374999999999994,0.009475000000000003,8,train_train_CATANet_x2_scratch_20260531_123601.log,train_train_CATANet_x2_scratch_20260531_123601.log,train_train_CATANet_x2_scratch_20260531_123601.log
622500,"2026-05-31 23:21:31,200",488,5.000e-05,5.000e-06,1.0523e-02,3.9788e-07,0.518,0.001,"2026-05-31 23:22:28,092",38.2636,0.9616,38.2742,585000,0.9616,590000,"2026-05-31 23:22:48,694",33.9827,0.9208,34.0425,590000,0.9216,590000,46.375,0.26544999999999996,0.054150000000000004,0.6308250000000001,5.9541249999999994,0.039837500000000005,0.008062499999999998,8,49.9196375,0.286225,0.0556625,0.6279125,5.9541249999999994,0.04038749999999999,0.009425,8,train_train_CATANet_x2_scratch_20260531_123601.log,train_train_CATANet_x2_scratch_20260531_123601.log,train_train_CATANet_x2_scratch_20260531_123601.log
625000,"2026-05-31 23:44:36,428",490,5.000e-05,5.000e-06,1.4245e-02,6.4812e-07,0.521,0.006,"2026-05-31 23:44:41,696",38.2721,0.9616,38.2742,585000,0.9616,590000,"2026-05-31 23:45:03,152",33.9285,0.9208,34.0425,590000,0.9216,590000,46.575,0.25885,0.0536625,0.6364375,5.9545125,0.039825,0.007899999999999999,8,50.151787500000005,0.28201250000000005,0.055475000000000003,0.6309250000000001,5.9545125,0.040425,0.0094625,8,train_train_CATANet_x2_scratch_20260531_123601.log,train_train_CATANet_x2_scratch_20260531_123601.log,train_train_CATANet_x2_scratch_20260531_123601.log
627500,"2026-06-01 00:05:59,174",492,5.000e-05,5.000e-06,1.2450e-02,4.3530e-07,0.520,0.001,"2026-06-01 00:06:56,240",38.2623,0.9615,38.2742,585000,0.9616,590000,"2026-06-01 00:07:17,458",33.9725,0.9209,34.0425,590000,0.9216,590000,47.2,0.25732499999999997,0.0533375,0.63925,5.9545125,0.039975000000000004,0.008149999999999998,8,50.250012500000004,0.2758875,0.054875,0.633975,5.9545125,0.040437499999999994,0.00935,8,train_train_CATANet_x2_scratch_20260531_123601.log,train_train_CATANet_x2_scratch_20260531_123601.log,train_train_CATANet_x2_scratch_20260531_123601.log
630000,"2026-06-01 00:29:05,023",494,5.000e-05,5.000e-06,1.4301e-02,6.3363e-07,0.599,0.078,"2026-06-01 00:29:09,991",38.2462,0.9616,38.2742,585000,0.9616,590000,"2026-06-01 00:29:30,866",33.9501,0.9209,34.0425,590000,0.9216,590000,45.925,0.27647499999999997,0.0551,0.6286750000000001,5.954925,0.039962500000000005,0.008124999999999999,8,50.10715,0.2904,0.05642500000000001,0.6239625,5.954925,0.040675,0.009675000000000001,8,train_train_CATANet_x2_scratch_20260531_123601.log,train_train_CATANet_x2_scratch_20260531_123601.log,train_train_CATANet_x2_scratch_20260531_123601.log
632500,"2026-06-01 00:50:26,725",496,5.000e-05,5.000e-06,1.1972e-02,5.8328e-07,0.519,0.001,"2026-06-01 00:51:23,989",38.2727,0.9616,38.2742,585000,0.9616,590000,"2026-06-01 00:51:46,462",33.9565,0.9209,34.0425,590000,0.9216,590000,46.050000000000004,0.26095,0.0537375,0.632625,5.954537500000001,0.040037500000000004,0.0080875,8,49.9107125,0.28607499999999997,0.055662500000000004,0.6267375000000001,5.954537500000001,0.04066250000000001,0.0097625,8,train_train_CATANet_x2_scratch_20260531_123601.log,train_train_CATANet_x2_scratch_20260531_123601.log,train_train_CATANet_x2_scratch_20260531_123601.log
635000,"2026-06-01 01:13:31,628",498,5.000e-05,5.000e-06,1.1850e-02,5.1531e-07,0.519,0.001,"2026-06-01 01:13:36,501",38.2485,0.9616,38.2742,585000,0.9616,590000,"2026-06-01 01:13:58,643",33.9474,0.9209,34.0425,590000,0.9216,590000,46.650000000000006,0.26015,0.0534375,0.6375500000000001,5.954625000000001,0.039724999999999996,0.007775000000000001,8,50.375,0.280275,0.055162499999999996,0.631775,5.954625000000001,0.04028749999999999,0.0092375,8,train_train_CATANet_x2_scratch_20260531_123601.log,train_train_CATANet_x2_scratch_20260531_123601.log,train_train_CATANet_x2_scratch_20260531_123601.log
637500,"2026-06-01 01:34:52,136",500,5.000e-05,5.000e-06,1.1763e-02,5.2929e-07,0.520,0.001,"2026-06-01 01:35:48,922",38.2463,0.9616,38.2742,585000,0.9616,590000,"2026-06-01 01:36:10,275",33.9631,0.9212,34.0425,590000,0.9216,590000,48.05,0.26856250000000004,0.05412499999999999,0.634725,5.9549875,0.03995,0.0081875,8,50.348212499999995,0.27454999999999996,0.054875,0.6318125,5.9549875,0.040525,0.0096125,8,train_train_CATANet_x2_scratch_20260531_123601.log,train_train_CATANet_x2_scratch_20260531_123601.log,train_train_CATANet_x2_scratch_20260531_123601.log
640000,"2026-06-01 01:57:55,782",502,5.000e-05,5.000e-06,1.2061e-02,4.6840e-07,0.519,0.001,"2026-06-01 01:58:00,422",38.2691,0.9615,38.2742,585000,0.9616,590000,"2026-06-01 01:58:21,003",33.9483,0.9206,34.0425,590000,0.9216,590000,46.525,0.27205,0.0545125,0.628925,5.955,0.0399125,0.0079375,8,49.8660625,0.2787,0.05455,0.6317875,5.955,0.040299999999999996,0.009262500000000002,8,train_train_CATANet_x2_scratch_20260531_123601.log,train_train_CATANet_x2_scratch_20260531_123601.log,train_train_CATANet_x2_scratch_20260531_123601.log
642500,"2026-06-01 02:19:14,093",504,5.000e-05,5.000e-06,1.2730e-02,6.0554e-07,0.520,0.001,"2026-06-01 02:20:10,901",38.2548,0.9616,38.2742,585000,0.9616,590000,"2026-06-01 02:20:31,522",33.932,0.9206,34.0425,590000,0.9216,590000,45.45,0.26399999999999996,0.054125,0.631475,5.955299999999999,0.040037500000000004,0.0082375,8,49.571425,0.28765,0.056,0.6244249999999999,5.955299999999999,0.040662500000000004,0.009512499999999998,8,train_train_CATANet_x2_scratch_20260531_123601.log,train_train_CATANet_x2_scratch_20260531_123601.log,train_train_CATANet_x2_scratch_20260531_123601.log
645000,"2026-06-01 02:42:16,868",506,5.000e-05,5.000e-06,1.1773e-02,7.4226e-07,0.522,0.002,"2026-06-01 02:42:21,758",38.2313,0.9615,38.2742,585000,0.9616,590000,"2026-06-01 02:42:42,381",33.9701,0.921,34.0425,590000,0.9216,590000,45.849999999999994,0.2780125,0.0556,0.6239875,5.9555125,0.04015,0.008312499999999999,8,49.910712499999995,0.2811,0.0554625,0.6263625,5.9555125,0.0405375,0.009562500000000002,8,train_train_CATANet_x2_scratch_20260531_123601.log,train_train_CATANet_x2_scratch_20260531_123601.log,train_train_CATANet_x2_scratch_20260531_123601.log
647500,"2026-06-01 03:03:35,300",508,5.000e-05,5.000e-06,1.2661e-02,6.7323e-07,0.519,0.001,"2026-06-01 03:04:31,978",38.2469,0.9616,38.2742,585000,0.9616,590000,"2026-06-01 03:04:52,533",33.99,0.9212,34.0425,590000,0.9216,590000,47.8,0.26483750000000006,0.054049999999999994,0.6381625000000001,5.955525000000001,0.039912500000000004,0.007962499999999999,8,50.8392875,0.271775,0.05442500000000001,0.6370374999999999,5.955525000000001,0.04041250000000001,0.0094375,8,train_train_CATANet_x2_scratch_20260531_123601.log,train_train_CATANet_x2_scratch_20260531_123601.log,train_train_CATANet_x2_scratch_20260531_123601.log
650000,"2026-06-01 03:26:37,626",510,5.000e-05,5.000e-06,1.1342e-02,4.3793e-07,0.519,0.002,"2026-06-01 03:26:42,320",38.2649,0.9617,38.2742,585000,0.9617,650000,"2026-06-01 03:27:02,961",33.9341,0.9209,34.0425,590000,0.9216,590000,46.55,0.2654125,0.0545625,0.6286375,5.9556375,0.0400375,0.008062500000000002,8,50.25,0.2827625,0.055400000000000005,0.6277375,5.9556375,0.0404375,0.009362500000000001,8,train_train_CATANet_x2_scratch_20260531_123601.log,train_train_CATANet_x2_scratch_20260531_123601.log,train_train_CATANet_x2_scratch_20260531_123601.log
652500,"2026-06-01 03:47:55,633",512,2.500e-05,2.500e-06,1.2213e-02,7.8418e-07,0.519,0.001,"2026-06-01 03:48:52,263",38.265,0.9616,38.2742,585000,0.9617,650000,"2026-06-01 03:49:12,990",33.9604,0.921,34.0425,590000,0.9216,590000,46.14999999999999,0.2746125,0.0550625,0.628525,5.9558,0.0400375,0.0080875,8,50.1607125,0.28078749999999997,0.055475000000000003,0.6276375000000001,5.9558,0.0404375,0.0093875,8,train_train_CATANet_x2_scratch_20260531_123601.log,train_train_CATANet_x2_scratch_20260531_123601.log,train_train_CATANet_x2_scratch_20260531_123601.log
655000,"2026-06-01 04:10:57,307",514,2.500e-05,2.500e-06,1.3343e-02,4.7719e-07,0.519,0.002,"2026-06-01 04:11:01,904",38.2611,0.9616,38.2742,585000,0.9617,650000,"2026-06-01 04:11:22,714",33.9503,0.9209,34.0425,590000,0.9216,590000,46.7,0.265775,0.0538375,0.63575,5.956124999999999,0.04000000000000001,0.0081,8,50.5625,0.275475,0.05437500000000001,0.6358499999999999,5.956124999999999,0.040462500000000005,0.0094875,8,train_train_CATANet_x2_scratch_20260531_123601.log,train_train_CATANet_x2_scratch_20260531_123601.log,train_train_CATANet_x2_scratch_20260531_123601.log
657500,"2026-06-01 04:32:15,040",516,2.500e-05,2.500e-06,1.2180e-02,5.1704e-07,0.521,0.001,"2026-06-01 04:33:11,835",38.2712,0.9616,38.2742,585000,0.9617,650000,"2026-06-01 04:33:32,672",33.9486,0.9207,34.0425,590000,0.9216,590000,47.02499999999999,0.273175,0.054787499999999996,0.6318124999999999,5.956412500000001,0.04006250000000001,0.0081125,8,50.6071375,0.2862375,0.055612499999999995,0.6295499999999999,5.956412500000001,0.0405,0.0094625,8,train_train_CATANet_x2_scratch_20260531_123601.log,train_train_CATANet_x2_scratch_20260531_123601.log,train_train_CATANet_x2_scratch_20260531_123601.log
660000,"2026-06-01 04:55:17,292",518,2.500e-05,2.500e-06,1.1061e-02,4.6754e-07,0.520,0.003,"2026-06-01 04:55:22,202",38.2664,0.9616,38.2742,585000,0.9617,650000,"2026-06-01 04:55:44,697",33.9463,0.9207,34.0425,590000,0.9216,590000,47.150000000000006,0.2614375,0.053925,0.634525,5.956437500000001,0.040125,0.008175,8,50.8482125,0.271875,0.054412499999999996,0.63455,5.956437500000001,0.04045,0.0094,8,train_train_CATANet_x2_scratch_20260531_123601.log,train_train_CATANet_x2_scratch_20260531_123601.log,train_train_CATANet_x2_scratch_20260531_123601.log
662500,"2026-06-01 05:16:38,367",520,2.500e-05,2.500e-06,1.3050e-02,4.7552e-07,0.522,0.001,"2026-06-01 05:17:35,367",38.2646,0.9616,38.2742,585000,0.9617,650000,"2026-06-01 05:17:57,372",33.9984,0.9211,34.0425,590000,0.9216,590000,47.325,0.2647625,0.0543375,0.6359875000000001,5.9564625,0.04015000000000001,0.008225,8,50.508925000000005,0.2762375,0.0547375,0.63595,5.9564625,0.040575,0.00955,8,train_train_CATANet_x2_scratch_20260531_123601.log,train_train_CATANet_x2_scratch_20260531_123601.log,train_train_CATANet_x2_scratch_20260531_123601.log
665000,"2026-06-01 05:39:41,921",522,2.500e-05,2.500e-06,1.4674e-02,6.9527e-07,0.522,0.006,"2026-06-01 05:39:46,580",38.266,0.9616,38.2742,585000,0.9617,650000,"2026-06-01 05:40:07,228",33.996,0.9212,34.0425,590000,0.9216,590000,47.0,0.2724875,0.05485,0.6312125,5.9565625,0.040275000000000005,0.008212500000000001,8,50.64286249999999,0.28581249999999997,0.0556625,0.6289500000000001,5.9565625,0.04075,0.009674999999999998,8,train_train_CATANet_x2_scratch_20260531_123601.log,train_train_CATANet_x2_scratch_20260531_123601.log,train_train_CATANet_x2_scratch_20260531_123601.log
667500,"2026-06-01 06:00:59,709",524,2.500e-05,2.500e-06,1.0577e-02,4.5504e-07,0.518,0.001,"2026-06-01 06:01:56,449",38.2597,0.9616,38.2742,585000,0.9617,650000,"2026-06-01 06:02:17,023",33.9678,0.921,34.0425,590000,0.9216,590000,46.825,0.255825,0.05329999999999999,0.6379875,5.9566625,0.039975,0.00805,8,50.06250000000001,0.2743875,0.0546125,0.63325,5.9566625,0.04043750000000001,0.0093875,8,train_train_CATANet_x2_scratch_20260531_123601.log,train_train_CATANet_x2_scratch_20260531_123601.log,train_train_CATANet_x2_scratch_20260531_123601.log
670000,"2026-06-01 06:24:01,519",526,2.500e-05,2.500e-06,1.2943e-02,6.2881e-07,0.563,0.051,"2026-06-01 06:24:06,199",38.2643,0.9616,38.2742,585000,0.9617,650000,"2026-06-01 06:24:26,861",33.9925,0.9211,34.0425,590000,0.9216,590000,47.0,0.26406250000000003,0.05417500000000001,0.6352125,5.956975,0.0399875,0.007974999999999998,8,50.446425,0.2714375,0.0546,0.6340374999999999,5.956975,0.04045000000000001,0.0094125,8,train_train_CATANet_x2_scratch_20260531_123601.log,train_train_CATANet_x2_scratch_20260531_123601.log,train_train_CATANet_x2_scratch_20260531_123601.log
672500,"2026-06-01 06:45:19,271",528,2.500e-05,2.500e-06,9.7420e-03,4.1328e-07,0.519,0.001,"2026-06-01 06:46:15,783",38.2594,0.9616,38.2742,585000,0.9617,650000,"2026-06-01 06:46:36,259",33.9958,0.921,34.0425,590000,0.9216,590000,47.125,0.266625,0.0543625,0.6341749999999999,5.9569625,0.0401125,0.008187499999999999,8,50.491075,0.28323750000000003,0.05555,0.6310375,5.9569625,0.04063750000000001,0.009537499999999999,8,train_train_CATANet_x2_scratch_20260531_123601.log,train_train_CATANet_x2_scratch_20260531_123601.log,train_train_CATANet_x2_scratch_20260531_123601.log
675000,"2026-06-01 07:08:20,909",530,2.500e-05,2.500e-06,1.3765e-02,6.9790e-07,0.520,0.001,"2026-06-01 07:08:27,252",38.2624,0.9616,38.2742,585000,0.9617,650000,"2026-06-01 07:09:03,364",33.968,0.9208,34.0425,590000,0.9216,590000,46.675,0.27681249999999996,0.0547875,0.629375,5.957025000000001,0.040075000000000006,0.0080375,8,50.071425,0.281925,0.0552125,0.6296,5.957025000000001,0.0405375,0.009475,8,train_train_CATANet_x2_scratch_20260531_123601.log,train_train_CATANet_x2_scratch_20260531_123601.log,train_train_CATANet_x2_scratch_20260531_123601.log
677500,"2026-06-01 23:40:53,613",531,2.500e-05,2.500e-06,1.1702e-02,3.8572e-07,0.521,0.001,"2026-06-01 23:41:54,223",38.2648,0.9616,38.2742,585000,0.9617,650000,"2026-06-01 23:42:21,155",33.9701,0.9209,34.0425,590000,0.9216,590000,46.75,0.27026249999999996,0.05435,0.6345375,5.9571250000000004,0.040075000000000006,0.0081,8,50.58927500000001,0.27736249999999996,0.05481250000000001,0.6344000000000001,5.9571250000000004,0.0404875,0.0095,8,train_train_CATANet_x2_scratch_20260601_231947.log,train_train_CATANet_x2_scratch_20260601_231947.log,train_train_CATANet_x2_scratch_20260601_231947.log
680000,"2026-06-02 00:04:08,371",533,2.500e-05,2.500e-06,1.1133e-02,4.3741e-07,0.522,0.001,"2026-06-02 00:04:13,134",38.261,0.9616,38.2742,585000,0.9617,650000,"2026-06-02 00:04:35,236",33.9749,0.921,34.0425,590000,0.9216,590000,46.349999999999994,0.27345,0.0546875,0.6324375,5.9573374999999995,0.039999999999999994,0.008,8,50.4375,0.28099999999999997,0.055299999999999995,0.6295499999999999,5.9573374999999995,0.0404125,0.0093375,8,train_train_CATANet_x2_scratch_20260601_231947.log,train_train_CATANet_x2_scratch_20260601_231947.log,train_train_CATANet_x2_scratch_20260601_231947.log
682500,"2026-06-02 00:25:29,160",535,2.500e-05,2.500e-06,1.2349e-02,4.4105e-07,0.519,0.001,"2026-06-02 00:26:25,665",38.259,0.9616,38.2742,585000,0.9617,650000,"2026-06-02 00:26:45,998",33.9697,0.921,34.0425,590000,0.9216,590000,45.875,0.27155,0.0549625,0.6281125,5.957387499999999,0.040075000000000006,0.0080375,8,50.116075,0.2848875,0.0557625,0.627425,5.957387499999999,0.0404875,0.009425,8,train_train_CATANet_x2_scratch_20260601_231947.log,train_train_CATANet_x2_scratch_20260601_231947.log,train_train_CATANet_x2_scratch_20260601_231947.log
685000,"2026-06-02 00:48:34,407",537,2.500e-05,2.500e-06,1.4121e-02,8.1873e-07,0.52,0.002,"2026-06-02 00:48:38,958",38.259,0.9617,38.2742,585000,0.9617,685000,"2026-06-02 00:48:59,492",33.9747,0.9209,34.0425,590000,0.9216,590000,46.45,0.25818749999999996,0.0534625,0.638375,5.957525,0.039937499999999994,0.007987500000000002,8,50.4732125,0.27745000000000003,0.054974999999999996,0.6322625,5.957525,0.0403875,0.009362499999999998,8,train_train_CATANet_x2_scratch_20260601_231947.log,train_train_CATANet_x2_scratch_20260601_231947.log,train_train_CATANet_x2_scratch_20260601_231947.log
687500,"2026-06-02 01:09:53,071",539,2.500e-05,2.500e-06,1.0358e-02,4.6154e-07,0.519,0.001,"2026-06-02 01:10:49,675",38.2549,0.9616,38.2742,585000,0.9617,685000,"2026-06-02 01:11:10,120",33.9448,0.9206,34.0425,590000,0.9216,590000,46.27499999999999,0.2755625,0.05500000000000001,0.63035,5.9573624999999995,0.0398625,0.0078625,8,50.125,0.2811125,0.05525,0.6282875,5.9573624999999995,0.0402625,0.0091375,8,train_train_CATANet_x2_scratch_20260601_231947.log,train_train_CATANet_x2_scratch_20260601_231947.log,train_train_CATANet_x2_scratch_20260601_231947.log
690000,"2026-06-02 01:32:55,989",541,2.500e-05,2.500e-06,1.0203e-02,3.7306e-07,0.52,0.002,"2026-06-02 01:33:00,593",38.2562,0.9616,38.2742,585000,0.9617,685000,"2026-06-02 01:33:21,128",33.9661,0.921,34.0425,590000,0.9216,590000,46.49999999999999,0.26592499999999997,0.054125000000000006,0.6339375,5.9576125,0.039900000000000005,0.007899999999999999,8,49.848225,0.28345,0.0556125,0.6276499999999999,5.9576125,0.04031250000000001,0.0092875,8,train_train_CATANet_x2_scratch_20260601_231947.log,train_train_CATANet_x2_scratch_20260601_231947.log,train_train_CATANet_x2_scratch_20260601_231947.log
692500,"2026-06-02 01:54:14,219",543,2.500e-05,2.500e-06,1.2762e-02,5.1004e-07,0.519,0.001,"2026-06-02 01:55:11,157",38.2711,0.9616,38.2742,585000,0.9617,685000,"2026-06-02 01:55:31,717",33.9723,0.921,34.0425,590000,0.9216,590000,46.599999999999994,0.267725,0.054099999999999995,0.6373375,5.95775,0.03985,0.0078375,8,49.848212499999995,0.2779625,0.0547625,0.6335625,5.95775,0.0402375,0.009125000000000001,8,train_train_CATANet_x2_scratch_20260601_231947.log,train_train_CATANet_x2_scratch_20260601_231947.log,train_train_CATANet_x2_scratch_20260601_231947.log
695000,"2026-06-02 02:17:17,368",545,2.500e-05,2.500e-06,1.0624e-02,3.7471e-07,0.521,0.002,"2026-06-02 02:17:21,868",38.271,0.9616,38.2742,585000,0.9617,685000,"2026-06-02 02:17:42,620",33.9464,0.9209,34.0425,590000,0.9216,590000,46.65,0.2720375,0.054900000000000004,0.6298625,5.9577875,0.039925,0.0079375,8,50.339275,0.27666250000000003,0.05507499999999999,0.630175,5.9577875,0.040350000000000004,0.0092625,8,train_train_CATANet_x2_scratch_20260601_231947.log,train_train_CATANet_x2_scratch_20260601_231947.log,train_train_CATANet_x2_scratch_20260601_231947.log
697500,"2026-06-02 02:38:36,237",547,2.500e-05,2.500e-06,1.2952e-02,5.7229e-07,0.522,0.001,"2026-06-02 02:39:32,880",38.2588,0.9616,38.2742,585000,0.9617,685000,"2026-06-02 02:39:53,393",33.9535,0.9208,34.0425,590000,0.9216,590000,46.775000000000006,0.26061249999999997,0.05356249999999999,0.637875,5.9578625,0.039975000000000004,0.008,8,50.33035,0.279825,0.0549625,0.6319125,5.9578625,0.040375,0.0093375,8,train_train_CATANet_x2_scratch_20260601_231947.log,train_train_CATANet_x2_scratch_20260601_231947.log,train_train_CATANet_x2_scratch_20260601_231947.log
700000,"2026-06-02 03:01:38,705",549,2.500e-05,2.500e-06,1.3101e-02,5.4453e-07,0.52,0.002,"2026-06-02 03:01:43,234",38.2636,0.9616,38.2742,585000,0.9617,685000,"2026-06-02 03:02:03,760",33.9512,0.9209,34.0425,590000,0.9216,590000,46.175,0.269725,0.054075000000000005,0.635775,5.957924999999999,0.040012500000000006,0.0080625,8,50.071437499999995,0.2874875,0.055587500000000005,0.62775,5.957924999999999,0.040475,0.009425000000000001,8,train_train_CATANet_x2_scratch_20260601_231947.log,train_train_CATANet_x2_scratch_20260601_231947.log,train_train_CATANet_x2_scratch_20260601_231947.log
702500,"2026-06-02 03:22:57,388",551,1.250e-05,1.250e-06,1.1346e-02,4.3555e-07,0.519,0.001,"2026-06-02 03:23:53,886",38.2716,0.9616,38.2742,585000,0.9617,685000,"2026-06-02 03:24:14,538",33.9603,0.9208,34.0425,590000,0.9216,590000,46.6,0.264275,0.053774999999999996,0.6358625,5.958025,0.039987499999999995,0.0080125,8,49.982162499999994,0.27838749999999995,0.055075,0.6298625,5.958025,0.0404,0.009449999999999998,8,train_train_CATANet_x2_scratch_20260601_231947.log,train_train_CATANet_x2_scratch_20260601_231947.log,train_train_CATANet_x2_scratch_20260601_231947.log
705000,"2026-06-02 03:45:59,310",553,1.250e-05,1.250e-06,1.2293e-02,5.2790e-07,0.521,0.003,"2026-06-02 03:46:03,908",38.2706,0.9616,38.2742,585000,0.9617,685000,"2026-06-02 03:46:24,610",33.981,0.921,34.0425,590000,0.9216,590000,46.425000000000004,0.2643,0.05409999999999999,0.6357999999999999,5.958137499999999,0.040100000000000004,0.008074999999999999,8,49.9553625,0.28135,0.055275,0.629925,5.958137499999999,0.040587500000000006,0.009512500000000002,8,train_train_CATANet_x2_scratch_20260601_231947.log,train_train_CATANet_x2_scratch_20260601_231947.log,train_train_CATANet_x2_scratch_20260601_231947.log
707500,"2026-06-02 04:07:18,074",555,1.250e-05,1.250e-06,1.2560e-02,5.1184e-07,0.519,0.001,"2026-06-02 04:08:14,533",38.2598,0.9616,38.2742,585000,0.9617,685000,"2026-06-02 04:08:34,966",33.9619,0.9208,34.0425,590000,0.9216,590000,46.775,0.2598875,0.0535875,0.6377375,5.958287499999999,0.039925,0.008025000000000001,8,50.1964125,0.27565,0.054674999999999994,0.6327375,5.958287499999999,0.0404,0.009375,8,train_train_CATANet_x2_scratch_20260601_231947.log,train_train_CATANet_x2_scratch_20260601_231947.log,train_train_CATANet_x2_scratch_20260601_231947.log
710000,"2026-06-02 04:30:19,485",557,1.250e-05,1.250e-06,1.4875e-02,6.1701e-07,0.522,0.006,"2026-06-02 04:30:23,992",38.2687,0.9616,38.2742,585000,0.9617,685000,"2026-06-02 04:30:44,845",33.9741,0.9211,34.0425,590000,0.9216,590000,46.85,0.264525,0.0541875,0.6338874999999999,5.958449999999999,0.039975,0.007975,8,50.2410875,0.279225,0.055,0.631225,5.958449999999999,0.0404,0.009375,8,train_train_CATANet_x2_scratch_20260601_231947.log,train_train_CATANet_x2_scratch_20260601_231947.log,train_train_CATANet_x2_scratch_20260601_231947.log
712500,"2026-06-02 04:51:37,588",559,1.250e-05,1.250e-06,1.3943e-02,5.4462e-07,0.519,0.001,"2026-06-02 04:52:33,981",38.2679,0.9616,38.2742,585000,0.9617,685000,"2026-06-02 04:52:54,512",33.971,0.9209,34.0425,590000,0.9216,590000,46.325,0.2590875,0.053799999999999994,0.6348875,5.958425,0.0398375,0.007875,8,50.107162499999994,0.2750875,0.0546375,0.631825,5.958425,0.0403,0.009287499999999999,8,train_train_CATANet_x2_scratch_20260601_231947.log,train_train_CATANet_x2_scratch_20260601_231947.log,train_train_CATANet_x2_scratch_20260601_231947.log
715000,"2026-06-02 05:14:39,312",561,1.250e-05,1.250e-06,1.2042e-02,5.9932e-07,0.659,0.123,"2026-06-02 05:14:44,031",38.2719,0.9616,38.2742,585000,0.9617,685000,"2026-06-02 05:15:04,948",33.9839,0.9208,34.0425,590000,0.9216,590000,46.099999999999994,0.264825,0.053762500000000005,0.6373875,5.9585,0.039900000000000005,0.0078875,8,50.428562500000005,0.27432500000000004,0.054325000000000005,0.6348374999999999,5.9585,0.040337500000000005,0.009325,8,train_train_CATANet_x2_scratch_20260601_231947.log,train_train_CATANet_x2_scratch_20260601_231947.log,train_train_CATANet_x2_scratch_20260601_231947.log
717500,"2026-06-02 05:35:57,464",563,1.250e-05,1.250e-06,1.4257e-02,5.5263e-07,0.519,0.001,"2026-06-02 05:36:54,052",38.2663,0.9617,38.2742,585000,0.9617,717500,"2026-06-02 05:37:14,699",33.9696,0.921,34.0425,590000,0.9216,590000,46.575,0.25931249999999995,0.05381249999999999,0.6369375,5.9585875,0.03993750000000001,0.0079875,8,50.214275,0.2748375,0.0546125,0.633425,5.9585875,0.04050000000000001,0.00945,8,train_train_CATANet_x2_scratch_20260601_231947.log,train_train_CATANet_x2_scratch_20260601_231947.log,train_train_CATANet_x2_scratch_20260601_231947.log
720000,"2026-06-02 05:58:58,969",565,1.250e-05,1.250e-06,1.3268e-02,5.1105e-07,0.52,0.001,"2026-06-02 05:59:03,536",38.262,0.9616,38.2742,585000,0.9617,717500,"2026-06-02 05:59:24,041",33.9681,0.921,34.0425,590000,0.9216,590000,47.075,0.2568625,0.0531,0.6412,5.95865,0.03987500000000001,0.0078625,8,50.428575,0.27365,0.054275000000000004,0.63565,5.95865,0.040374999999999994,0.0093375,8,train_train_CATANet_x2_scratch_20260601_231947.log,train_train_CATANet_x2_scratch_20260601_231947.log,train_train_CATANet_x2_scratch_20260601_231947.log
722500,"2026-06-02 06:20:16,203",567,1.250e-05,1.250e-06,1.0309e-02,5.3896e-07,0.52,0.001,"2026-06-02 06:21:12,815",38.2665,0.9616,38.2742,585000,0.9617,717500,"2026-06-02 06:21:33,179",33.9641,0.9208,34.0425,590000,0.9216,590000,46.949999999999996,0.26155,0.053937500000000006,0.63675,5.958712499999999,0.0399375,0.00795,8,50.4732125,0.2723625,0.05432499999999999,0.635525,5.958712499999999,0.0404,0.009325,8,train_train_CATANet_x2_scratch_20260601_231947.log,train_train_CATANet_x2_scratch_20260601_231947.log,train_train_CATANet_x2_scratch_20260601_231947.log
725000,"2026-06-02 06:43:18,126",569,1.250e-05,1.250e-06,9.7091e-03,3.9660e-07,0.52,0.001,"2026-06-02 06:43:22,754",38.2679,0.9616,38.2742,585000,0.9617,717500,"2026-06-02 06:43:43,276",33.9665,0.9208,34.0425,590000,0.9216,590000,46.2,0.26781250000000006,0.0544875,0.632375,5.958775,0.03989999999999999,0.0079,8,50.089287500000005,0.2790125,0.0549125,0.6312374999999999,5.958775,0.040350000000000004,0.009250000000000001,8,train_train_CATANet_x2_scratch_20260601_231947.log,train_train_CATANet_x2_scratch_20260601_231947.log,train_train_CATANet_x2_scratch_20260601_231947.log
727500,"2026-06-02 07:04:36,017",571,1.250e-05,1.250e-06,1.2747e-02,3.9103e-07,0.519,0.001,"2026-06-02 07:05:32,560",38.2674,0.9616,38.2742,585000,0.9617,717500,"2026-06-02 07:05:53,304",33.9639,0.9208,34.0425,590000,0.9216,590000,46.875,0.2687,0.054462500000000004,0.63245,5.9587375,0.039975000000000004,0.007949999999999999,8,50.1517875,0.2779875,0.055025,0.63135,5.9587375,0.0404,0.0093375,8,train_train_CATANet_x2_scratch_20260601_231947.log,train_train_CATANet_x2_scratch_20260601_231947.log,train_train_CATANet_x2_scratch_20260601_231947.log
730000,"2026-06-02 07:27:38,467",573,1.250e-05,1.250e-06,1.1146e-02,4.0919e-07,0.521,0.002,"2026-06-02 07:27:43,131",38.269,0.9616,38.2742,585000,0.9617,717500,"2026-06-02 07:28:03,696",33.9581,0.9208,34.0425,590000,0.9216,590000,46.7,0.2648625,0.05428749999999999,0.6343125,5.9588125,0.039900000000000005,0.007899999999999999,8,50.428587500000006,0.2748125,0.0546375,0.6336875,5.9588125,0.04032500000000001,0.009212500000000002,8,train_train_CATANet_x2_scratch_20260601_231947.log,train_train_CATANet_x2_scratch_20260601_231947.log,train_train_CATANet_x2_scratch_20260601_231947.log
732500,"2026-06-02 07:48:56,509",575,1.250e-05,1.250e-06,1.3640e-02,5.1346e-07,0.518,0.001,"2026-06-02 07:49:53,040",38.268,0.9616,38.2742,585000,0.9617,717500,"2026-06-02 07:50:13,280",33.9773,0.9209,34.0425,590000,0.9216,590000,46.974999999999994,0.2708375,0.054799999999999995,0.6298874999999999,5.95895,0.040037500000000004,0.0079875,8,50.25,0.27859999999999996,0.055075,0.6288,5.95895,0.04045000000000001,0.009337499999999999,8,train_train_CATANet_x2_scratch_20260601_231947.log,train_train_CATANet_x2_scratch_20260601_231947.log,train_train_CATANet_x2_scratch_20260601_231947.log
735000,"2026-06-02 08:11:58,106",577,1.250e-05,1.250e-06,1.0658e-02,4.1868e-07,0.519,0.002,"2026-06-02 08:12:02,616",38.272,0.9616,38.2742,585000,0.9617,717500,"2026-06-02 08:12:23,174",33.9724,0.9209,34.0425,590000,0.9216,590000,46.925000000000004,0.2631375,0.054025,0.6364875,5.9590125,0.0399875,0.007962499999999999,8,50.392849999999996,0.2734625,0.0544375,0.6342375,5.9590125,0.040375,0.009312500000000001,8,train_train_CATANet_x2_scratch_20260601_231947.log,train_train_CATANet_x2_scratch_20260601_231947.log,train_train_CATANet_x2_scratch_20260601_231947.log
737500,"2026-06-02 08:33:15,612",579,1.250e-05,1.250e-06,1.1875e-02,5.0363e-07,0.519,0.001,"2026-06-02 08:34:12,359",38.2704,0.9616,38.2742,585000,0.9617,717500,"2026-06-02 08:34:32,873",33.9647,0.9208,34.0425,590000,0.9216,590000,47.225,0.2627375,0.054200000000000005,0.6345625,5.9591125,0.039850000000000003,0.0079,8,50.73214999999999,0.27162500000000006,0.054425,0.63415,5.9591125,0.0402875,0.009250000000000001,8,train_train_CATANet_x2_scratch_20260601_231947.log,train_train_CATANet_x2_scratch_20260601_231947.log,train_train_CATANet_x2_scratch_20260601_231947.log
740000,"2026-06-02 08:56:18,162",581,1.250e-05,1.250e-06,1.2428e-02,5.2820e-07,0.519,0.002,"2026-06-02 08:56:22,836",38.2646,0.9616,38.2742,585000,0.9617,717500,"2026-06-02 08:56:43,594",33.958,0.9208,34.0425,590000,0.9216,590000,46.675,0.2661,0.0548125,0.6304,5.959287499999999,0.039900000000000005,0.007825,8,50.125,0.2778,0.055262500000000006,0.6283875,5.959287499999999,0.040350000000000004,0.0092125,8,train_train_CATANet_x2_scratch_20260601_231947.log,train_train_CATANet_x2_scratch_20260601_231947.log,train_train_CATANet_x2_scratch_20260601_231947.log
742500,"2026-06-02 09:17:36,944",583,1.250e-05,1.250e-06,1.0785e-02,5.4474e-07,0.523,0.001,"2026-06-02 09:18:33,553",38.2718,0.9616,38.2742,585000,0.9617,717500,"2026-06-02 09:18:54,905",33.9481,0.9207,34.0425,590000,0.9216,590000,46.724999999999994,0.267675,0.05456249999999999,0.6331,5.959375,0.04,0.007975,8,50.4107,0.2777375,0.0551375,0.6308750000000001,5.959375,0.04043750000000001,0.0093375,8,train_train_CATANet_x2_scratch_20260601_231947.log,train_train_CATANet_x2_scratch_20260601_231947.log,train_train_CATANet_x2_scratch_20260601_231947.log
745000,"2026-06-02 09:40:40,356",585,1.250e-05,1.250e-06,1.0880e-02,5.7949e-07,0.52,0.004,"2026-06-02 09:40:45,062",38.2704,0.9616,38.2742,585000,0.9617,717500,"2026-06-02 09:41:06,429",33.9669,0.921,34.0425,590000,0.9216,590000,46.225,0.263475,0.0539,0.6345750000000001,5.959325,0.039900000000000005,0.007825,8,50.071425,0.27503750000000005,0.0547125,0.6320375,5.959325,0.04031250000000001,0.009225,8,train_train_CATANet_x2_scratch_20260601_231947.log,train_train_CATANet_x2_scratch_20260601_231947.log,train_train_CATANet_x2_scratch_20260601_231947.log
747500,"2026-06-02 10:02:00,000",587,1.250e-05,1.250e-06,1.0556e-02,4.5761e-07,0.52,0.001,"2026-06-02 10:02:56,550",38.2714,0.9616,38.2742,585000,0.9617,717500,"2026-06-02 10:03:17,606",33.9655,0.9208,34.0425,590000,0.9216,590000,47.125,0.26405,0.05432499999999999,0.6357625,5.9594375,0.0399375,0.007925,8,50.58035,0.275475,0.054837500000000004,0.6337999999999999,5.9594375,0.0403625,0.009275,8,train_train_CATANet_x2_scratch_20260601_231947.log,train_train_CATANet_x2_scratch_20260601_231947.log,train_train_CATANet_x2_scratch_20260601_231947.log
750000,"2026-06-02 10:25:03,788",589,1.250e-05,1.250e-06,1.3604e-02,5.5703e-07,0.528,0.006,"2026-06-02 10:25:09,022",38.2659,0.9617,38.2742,585000,0.9617,750000,"2026-06-02 10:25:42,154",33.9515,0.9209,34.0425,590000,0.9216,590000,46.65,0.26294999999999996,0.054512500000000005,0.6324624999999999,5.959525,0.04000000000000001,0.007975,8,50.4196375,0.2773,0.0551375,0.6312125000000001,5.959525,0.04041250000000001,0.009325,8,train_train_CATANet_x2_scratch_20260601_231947.log,train_train_CATANet_x2_scratch_20260601_231947.log,train_train_CATANet_x2_scratch_20260601_231947.log
752500,"2026-06-03 13:16:46,186",590,6.250e-06,6.250e-07,1.2350e-02,4.2686e-07,0.520,0.001,"2026-06-03 13:17:46,130",38.2682,0.9616,38.2742,585000,0.9617,750000,"2026-06-03 13:18:10,102",33.9571,0.9209,34.0425,590000,0.9216,590000,46.75,0.2626625,0.0545375,0.6315,5.95965,0.0400625,0.008,8,50.098212499999995,0.2770625,0.0550375,0.630825,5.95965,0.04043750000000001,0.0093375,8,train_train_CATANet_x2_scratch_20260603_125543.log,train_train_CATANet_x2_scratch_20260603_125543.log,train_train_CATANet_x2_scratch_20260603_125543.log
755000,"2026-06-03 13:39:53,519",592,6.250e-06,6.250e-07,1.0209e-02,4.5599e-07,0.522,0.002,"2026-06-03 13:39:58,373",38.2656,0.9616,38.2742,585000,0.9617,750000,"2026-06-03 13:40:19,901",33.9428,0.9209,34.0425,590000,0.9216,590000,46.10000000000001,0.2599625,0.053887500000000005,0.6352,5.9596374999999995,0.0399375,0.007975,8,50.339275,0.27275,0.054362499999999994,0.634675,5.9596374999999995,0.040299999999999996,0.0092875,8,train_train_CATANet_x2_scratch_20260603_125543.log,train_train_CATANet_x2_scratch_20260603_125543.log,train_train_CATANet_x2_scratch_20260603_125543.log
757500,"2026-06-03 14:01:11,593",594,6.250e-06,6.250e-07,1.1142e-02,5.2349e-07,0.517,0.001,"2026-06-03 14:02:07,794",38.2602,0.9616,38.2742,585000,0.9617,750000,"2026-06-03 14:02:27,179",33.9653,0.921,34.0425,590000,0.9216,590000,46.849999999999994,0.2651125,0.054262500000000005,0.6341875,5.95965,0.04,0.007999999999999998,8,50.553575,0.2739875,0.0547,0.6331,5.95965,0.040425,0.009375000000000001,8,train_train_CATANet_x2_scratch_20260603_125543.log,train_train_CATANet_x2_scratch_20260603_125543.log,train_train_CATANet_x2_scratch_20260603_125543.log
760000,"2026-06-03 14:24:10,746",596,6.250e-06,6.250e-07,1.2378e-02,5.9715e-07,0.518,0.002,"2026-06-03 14:24:15,119",38.2684,0.9616,38.2742,585000,0.9617,750000,"2026-06-03 14:24:34,044",33.954,0.9208,34.0425,590000,0.9216,590000,47.425,0.25988750000000005,0.054075000000000005,0.6353625,5.9597125,0.0399625,0.007975,8,50.5625,0.2743625,0.054650000000000004,0.634525,5.9597125,0.04038750000000001,0.009300000000000001,8,train_train_CATANet_x2_scratch_20260603_125543.log,train_train_CATANet_x2_scratch_20260603_125543.log,train_train_CATANet_x2_scratch_20260603_125543.log
762500,"2026-06-03 14:45:25,534",598,6.250e-06,6.250e-07,1.2994e-02,4.1486e-07,0.518,0.001,"2026-06-03 14:46:21,718",38.2689,0.9616,38.2742,585000,0.9617,750000,"2026-06-03 14:46:40,558",33.949,0.9208,34.0425,590000,0.9216,590000,46.5,0.2599875,0.0541375,0.6341125,5.9597375,0.039925,0.007975,8,50.508925000000005,0.2742375,0.05455000000000001,0.634475,5.9597375,0.040337500000000005,0.009325000000000002,8,train_train_CATANet_x2_scratch_20260603_125543.log,train_train_CATANet_x2_scratch_20260603_125543.log,train_train_CATANet_x2_scratch_20260603_125543.log
765000,"2026-06-03 15:08:21,750",600,6.250e-06,6.250e-07,1.1692e-02,4.5986e-07,0.518,0.002,"2026-06-03 15:08:26,138",38.269,0.9616,38.2742,585000,0.9617,750000,"2026-06-03 15:08:45,113",33.9747,0.9209,34.0425,590000,0.9216,590000,46.599999999999994,0.259125,0.053849999999999995,0.6346,5.9597750000000005,0.03993750000000001,0.0079625,8,50.3571375,0.27376249999999996,0.05444999999999999,0.6345374999999999,5.9597750000000005,0.040350000000000004,0.009325000000000002,8,train_train_CATANet_x2_scratch_20260603_125543.log,train_train_CATANet_x2_scratch_20260603_125543.log,train_train_CATANet_x2_scratch_20260603_125543.log
767500,"2026-06-03 15:29:32,619",602,6.250e-06,6.250e-07,1.1978e-02,4.3696e-07,0.517,0.001,"2026-06-03 15:30:29,124",38.2657,0.9616,38.2742,585000,0.9617,750000,"2026-06-03 15:30:47,643",33.9646,0.9209,34.0425,590000,0.9216,590000,46.6,0.26015,0.054,0.6347624999999999,5.95985,0.0399875,0.00795,8,50.258925,0.2774375,0.0548625,0.6327,5.95985,0.040400000000000005,0.009300000000000001,8,train_train_CATANet_x2_scratch_20260603_125543.log,train_train_CATANet_x2_scratch_20260603_125543.log,train_train_CATANet_x2_scratch_20260603_125543.log
770000,"2026-06-03 15:52:29,056",604,6.250e-06,6.250e-07,1.3965e-02,5.1144e-07,0.518,0.002,"2026-06-03 15:52:33,466",38.2695,0.9616,38.2742,585000,0.9617,750000,"2026-06-03 15:52:52,897",33.9729,0.9209,34.0425,590000,0.9216,590000,46.5,0.25643750000000004,0.053712499999999996,0.636525,5.9598875,0.0399625,0.0079875,8,50.401787500000005,0.27371249999999997,0.05432499999999999,0.6356875,5.9598875,0.040362499999999996,0.0093125,8,train_train_CATANet_x2_scratch_20260603_125543.log,train_train_CATANet_x2_scratch_20260603_125543.log,train_train_CATANet_x2_scratch_20260603_125543.log
772500,"2026-06-03 16:13:45,099",606,6.250e-06,6.250e-07,1.1857e-02,5.2452e-07,0.522,0.001,"2026-06-03 16:14:41,157",38.2686,0.9616,38.2742,585000,0.9617,750000,"2026-06-03 16:15:00,278",33.9699,0.921,34.0425,590000,0.9216,590000,46.449999999999996,0.2610625,0.05387499999999999,0.6362625000000001,5.959812499999999,0.0399375,0.00795,8,50.5625,0.2723375,0.05425000000000001,0.6361249999999999,5.959812499999999,0.040350000000000004,0.0092625,8,train_train_CATANet_x2_scratch_20260603_125543.log,train_train_CATANet_x2_scratch_20260603_125543.log,train_train_CATANet_x2_scratch_20260603_125543.log
775000,"2026-06-03 16:36:41,059",608,6.250e-06,6.250e-07,1.1067e-02,3.7979e-07,0.518,0.002,"2026-06-03 16:36:45,598",38.2693,0.9616,38.2742,585000,0.9617,750000,"2026-06-03 16:37:06,023",33.9622,0.9209,34.0425,590000,0.9216,590000,46.325,0.2598375,0.05385,0.635,5.9598625,0.039850000000000003,0.007824999999999999,8,50.392849999999996,0.2724375,0.0543875,0.6345375,5.9598625,0.0402375,0.0091375,8,train_train_CATANet_x2_scratch_20260603_125543.log,train_train_CATANet_x2_scratch_20260603_125543.log,train_train_CATANet_x2_scratch_20260603_125543.log
777500,"2026-06-03 16:57:58,154",610,6.250e-06,6.250e-07,1.4298e-02,6.5468e-07,0.518,0.001,"2026-06-03 16:58:54,679",38.2763,0.9616,38.2763,777500,0.9617,750000,"2026-06-03 16:59:16,689",33.973,0.921,34.0425,590000,0.9216,590000,46.875,0.2566625,0.053649999999999996,0.6368,5.9599,0.0399125,0.007912500000000001,8,50.464275,0.2743125,0.0544,0.6350625,5.9599,0.040337500000000005,0.0092375,8,train_train_CATANet_x2_scratch_20260603_125543.log,train_train_CATANet_x2_scratch_20260603_125543.log,train_train_CATANet_x2_scratch_20260603_125543.log
780000,"2026-06-03 17:21:00,693",612,6.250e-06,6.250e-07,1.0716e-02,4.4222e-07,0.520,0.004,"2026-06-03 17:21:05,368",38.2661,0.9616,38.2763,777500,0.9617,750000,"2026-06-03 17:21:26,775",33.9644,0.9209,34.0425,590000,0.9216,590000,46.525,0.261975,0.0539375,0.6354375000000001,5.9599875,0.0399125,0.0078625,8,50.5000125,0.2737,0.054599999999999996,0.6335,5.9599875,0.04031250000000001,0.009237500000000001,8,train_train_CATANet_x2_scratch_20260603_125543.log,train_train_CATANet_x2_scratch_20260603_125543.log,train_train_CATANet_x2_scratch_20260603_125543.log
782500,"2026-06-03 17:42:22,131",614,6.250e-06,6.250e-07,1.1701e-02,5.3832e-07,0.518,0.001,"2026-06-03 17:43:18,993",38.2641,0.9616,38.2763,777500,0.9617,750000,"2026-06-03 17:43:39,380",33.9312,0.9208,34.0425,590000,0.9216,590000,46.15,0.2627,0.054025,0.6329999999999999,5.9599625000000005,0.03995,0.0079375,8,50.2053625,0.2767375,0.054825000000000006,0.631425,5.9599625000000005,0.04032500000000001,0.009250000000000001,8,train_train_CATANet_x2_scratch_20260603_125543.log,train_train_CATANet_x2_scratch_20260603_125543.log,train_train_CATANet_x2_scratch_20260603_125543.log
785000,"2026-06-03 18:05:24,224",616,6.250e-06,6.250e-07,1.1657e-02,4.9931e-07,0.522,0.006,"2026-06-03 18:05:28,894",38.2742,0.9616,38.2763,777500,0.9617,750000,"2026-06-03 18:05:49,876",33.9448,0.9208,34.0425,590000,0.9216,590000,46.575,0.26349999999999996,0.05405,0.6333125,5.960012499999999,0.03993750000000001,0.0079375,8,50.5357125,0.27866250000000004,0.0549875,0.6309750000000001,5.960012499999999,0.0403625,0.0093125,8,train_train_CATANet_x2_scratch_20260603_125543.log,train_train_CATANet_x2_scratch_20260603_125543.log,train_train_CATANet_x2_scratch_20260603_125543.log
787500,"2026-06-03 18:26:42,187",618,6.250e-06,6.250e-07,1.3371e-02,4.2792e-07,0.518,0.001,"2026-06-03 18:27:38,456",38.2583,0.9616,38.2763,777500,0.9617,750000,"2026-06-03 18:27:59,385",33.9474,0.9209,34.0425,590000,0.9216,590000,46.625,0.2664875,0.05415,0.6335625,5.959987499999999,0.039962500000000005,0.0079375,8,50.5535625,0.2750875,0.0546875,0.6313625,5.959987499999999,0.040350000000000004,0.009275000000000002,8,train_train_CATANet_x2_scratch_20260603_125543.log,train_train_CATANet_x2_scratch_20260603_125543.log,train_train_CATANet_x2_scratch_20260603_125543.log
790000,"2026-06-03 18:49:44,926",620,6.250e-06,6.250e-07,1.2656e-02,6.3329e-07,0.672,0.150,"2026-06-03 18:49:49,636",38.2716,0.9616,38.2763,777500,0.9617,750000,"2026-06-03 18:50:10,973",33.9417,0.9208,34.0425,590000,0.9216,590000,46.77499999999999,0.26344999999999996,0.0542,0.6330125,5.9600125,0.040012500000000006,0.008025,8,50.553575,0.27766250000000003,0.0549625,0.6315500000000001,5.9600125,0.04042500000000001,0.0093375,8,train_train_CATANet_x2_scratch_20260603_125543.log,train_train_CATANet_x2_scratch_20260603_125543.log,train_train_CATANet_x2_scratch_20260603_125543.log
792500,"2026-06-03 19:11:04,385",622,6.250e-06,6.250e-07,1.0721e-02,3.8627e-07,0.518,0.001,"2026-06-03 19:12:01,149",38.2703,0.9617,38.2763,777500,0.9617,792500,"2026-06-03 19:12:22,368",33.9665,0.921,34.0425,590000,0.9216,590000,46.849999999999994,0.26335,0.054037499999999995,0.6342125000000001,5.960087499999999,0.039962500000000005,0.00795,8,50.5,0.27554999999999996,0.054712500000000004,0.6324000000000001,5.960087499999999,0.0403625,0.0092875,8,train_train_CATANet_x2_scratch_20260603_125543.log,train_train_CATANet_x2_scratch_20260603_125543.log,train_train_CATANet_x2_scratch_20260603_125543.log
795000,"2026-06-03 19:34:06,263",624,6.250e-06,6.250e-07,1.1902e-02,6.3086e-07,0.519,0.001,"2026-06-03 19:34:10,752",38.2694,0.9616,38.2763,777500,0.9617,792500,"2026-06-03 19:34:31,403",33.9524,0.9208,34.0425,590000,0.9216,590000,46.474999999999994,0.261475,0.0543,0.6326124999999999,5.960175,0.04005,0.008012499999999999,8,50.401787500000005,0.2780375,0.05518750000000001,0.6305999999999999,5.960175,0.04045000000000001,0.00935,8,train_train_CATANet_x2_scratch_20260603_125543.log,train_train_CATANet_x2_scratch_20260603_125543.log,train_train_CATANet_x2_scratch_20260603_125543.log
797500,"2026-06-03 19:55:23,211",626,6.250e-06,6.250e-07,1.3185e-02,4.1717e-07,0.520,0.001,"2026-06-03 19:56:19,642",38.2662,0.9616,38.2763,777500,0.9617,792500,"2026-06-03 19:56:39,188",33.9804,0.9209,34.0425,590000,0.9216,590000,46.125,0.26381249999999995,0.05423750000000001,0.6326499999999999,5.960224999999999,0.0399875,0.0079375,8,50.241074999999995,0.2760875,0.054837500000000004,0.6317250000000001,5.960224999999999,0.0403875,0.009262500000000002,8,train_train_CATANet_x2_scratch_20260603_125543.log,train_train_CATANet_x2_scratch_20260603_125543.log,train_train_CATANet_x2_scratch_20260603_125543.log
800000,"2026-06-03 20:18:21,926",628,6.250e-06,6.250e-07,1.1054e-02,4.8210e-07,0.517,0.002,"2026-06-03 20:18:27,260",38.2684,0.9616,38.2763,777500,0.9617,792500,"2026-06-03 20:19:02,755",33.9663,0.9209,34.0425,590000,0.9216,590000,47.075,0.2625,0.0541,0.6346124999999999,5.9602625,0.03992500000000001,0.0079875,8,50.312512500000004,0.2749625,0.054700000000000006,0.6331875,5.9602625,0.040350000000000004,0.00925,8,train_train_CATANet_x2_scratch_20260603_125543.log,train_train_CATANet_x2_scratch_20260603_125543.log,train_train_CATANet_x2_scratch_20260603_125543.log
